network,station_lat,station_lon,event_count,event_title,event_place,event_name,start,event_lat,event_lon,depth_km,magnitude,strike,dip,rake,usgs_url,observed_pickle,event_json,synthetic_mseed,selected_station_count,overlapping_broadband_station_count,event_id,station,selected_rank,event_rank,lat,lon,observed_mseed,synthetic_model
CI,34.239,-117.659,4,ci38038071,"4km N of La Verne, CA","M 4.4 - 4km N of La Verne, CA",2018-08-29T02:33:28.330000+00:00,34.1363333,-117.7746667,5.46,4.38,312.0,79.0,178.0,https://earthquake.usgs.gov/earthquakes/eventpage/ci38038071,data/examples/example_five_event_subset/observed/ci38038071.mseed,data/examples/example_five_event_subset/observed/ci38038071.json,data/examples/example_five_event_subset/synthetics/cvmsi_20260506_material_0p6x1p2_asdf/ci38038071.mseed,30,52,ci38038071,BFS,1,1,34.239,-117.659,data/examples/example_five_event_subset/observed/ci38038071.mseed,cvmsi_20260506_material_0p6x1p2_asdf
CI,33.991,-118.362,5,ci38038071,"4km N of La Verne, CA","M 4.4 - 4km N of La Verne, CA",2018-08-29T02:33:28.330000+00:00,34.1363333,-117.7746667,5.46,4.38,312.0,79.0,178.0,https://earthquake.usgs.gov/earthquakes/eventpage/ci38038071,data/examples/example_five_event_subset/observed/ci38038071.mseed,data/examples/example_five_event_subset/observed/ci38038071.json,data/examples/example_five_event_subset/synthetics/cvmsi_20260506_material_0p6x1p2_asdf/ci38038071.mseed,30,52,ci38038071,BHP,2,1,33.991,-118.362,data/examples/example_five_event_subset/observed/ci38038071.mseed,cvmsi_20260506_material_0p6x1p2_asdf
CI,34.244,-118.673,4,ci38038071,"4km N of La Verne, CA","M 4.4 - 4km N of La Verne, CA",2018-08-29T02:33:28.330000+00:00,34.1363333,-117.7746667,5.46,4.38,312.0,79.0,178.0,https://earthquake.usgs.gov/earthquakes/eventpage/ci38038071,data/examples/example_five_event_subset/observed/ci38038071.mseed,data/examples/example_five_event_subset/observed/ci38038071.json,data/examples/example_five_event_subset/synthetics/cvmsi_20260506_material_0p6x1p2_asdf/ci38038071.mseed,30,52,ci38038071,BLC,3,1,34.244,-118.673,data/examples/example_five_event_subset/observed/ci38038071.mseed,cvmsi_20260506_material_0p6x1p2_asdf
CI,33.808,-117.981,5,ci38038071,"4km N of La Verne, CA","M 4.4 - 4km N of La Verne, CA",2018-08-29T02:33:28.330000+00:00,34.1363333,-117.7746667,5.46,4.38,312.0,79.0,178.0,https://earthquake.usgs.gov/earthquakes/eventpage/ci38038071,data/examples/example_five_event_subset/observed/ci38038071.mseed,data/examples/example_five_event_subset/observed/ci38038071.json,data/examples/example_five_event_subset/synthetics/cvmsi_20260506_material_0p6x1p2_asdf/ci38038071.mseed,30,52,ci38038071,BRE,4,1,33.808,-117.981,data/examples/example_five_event_subset/observed/ci38038071.mseed,cvmsi_20260506_material_0p6x1p2_asdf
CI,33.999,-117.68,5,ci38038071,"4km N of La Verne, CA","M 4.4 - 4km N of La Verne, CA",2018-08-29T02:33:28.330000+00:00,34.1363333,-117.7746667,5.46,4.38,312.0,79.0,178.0,https://earthquake.usgs.gov/earthquakes/eventpage/ci38038071,data/examples/example_five_event_subset/observed/ci38038071.mseed,data/examples/example_five_event_subset/observed/ci38038071.json,data/examples/example_five_event_subset/synthetics/cvmsi_20260506_material_0p6x1p2_asdf/ci38038071.mseed,30,52,ci38038071,CHN,5,1,33.999,-117.68,data/examples/example_five_event_subset/observed/ci38038071.mseed,cvmsi_20260506_material_0p6x1p2_asdf
CI,34.271,-117.424,4,ci38038071,"4km N of La Verne, CA","M 4.4 - 4km N of La Verne, CA",2018-08-29T02:33:28.330000+00:00,34.1363333,-117.7746667,5.46,4.38,312.0,79.0,178.0,https://earthquake.usgs.gov/earthquakes/eventpage/ci38038071,data/examples/example_five_event_subset/observed/ci38038071.mseed,data/examples/example_five_event_subset/observed/ci38038071.json,data/examples/example_five_event_subset/synthetics/cvmsi_20260506_material_0p6x1p2_asdf/ci38038071.mseed,30,52,ci38038071,CJM,6,1,34.271,-117.424,data/examples/example_five_event_subset/observed/ci38038071.mseed,cvmsi_20260506_material_0p6x1p2_asdf
CI,33.874,-118.039,3,ci38038071,"4km N of La Verne, CA","M 4.4 - 4km N of La Verne, CA",2018-08-29T02:33:28.330000+00:00,34.1363333,-117.7746667,5.46,4.38,312.0,79.0,178.0,https://earthquake.usgs.gov/earthquakes/eventpage/ci38038071,data/examples/example_five_event_subset/observed/ci38038071.mseed,data/examples/example_five_event_subset/observed/ci38038071.json,data/examples/example_five_event_subset/synthetics/cvmsi_20260506_material_0p6x1p2_asdf/ci38038071.mseed,30,52,ci38038071,CRF,7,1,33.874,-118.039,data/examples/example_five_event_subset/observed/ci38038071.mseed,cvmsi_20260506_material_0p6x1p2_asdf
CI,33.876,-117.561,4,ci38038071,"4km N of La Verne, CA","M 4.4 - 4km N of La Verne, CA",2018-08-29T02:33:28.330000+00:00,34.1363333,-117.7746667,5.46,4.38,312.0,79.0,178.0,https://earthquake.usgs.gov/earthquakes/eventpage/ci38038071,data/examples/example_five_event_subset/observed/ci38038071.mseed,data/examples/example_five_event_subset/observed/ci38038071.json,data/examples/example_five_event_subset/synthetics/cvmsi_20260506_material_0p6x1p2_asdf/ci38038071.mseed,30,52,ci38038071,CRN,8,1,33.876,-117.561,data/examples/example_five_event_subset/observed/ci38038071.mseed,cvmsi_20260506_material_0p6x1p2_asdf
CI,34.25353,-118.33383,5,ci38038071,"4km N of La Verne, CA","M 4.4 - 4km N of La Verne, CA",2018-08-29T02:33:28.330000+00:00,34.1363333,-117.7746667,5.46,4.38,312.0,79.0,178.0,https://earthquake.usgs.gov/earthquakes/eventpage/ci38038071,data/examples/example_five_event_subset/observed/ci38038071.mseed,data/examples/example_five_event_subset/observed/ci38038071.json,data/examples/example_five_event_subset/synthetics/cvmsi_20260506_material_0p6x1p2_asdf/ci38038071.mseed,30,52,ci38038071,DEC,9,1,34.25353,-118.33383,data/examples/example_five_event_subset/observed/ci38038071.mseed,cvmsi_20260506_material_0p6x1p2_asdf
CI,34.10618,-118.45505,5,ci38038071,"4km N of La Verne, CA","M 4.4 - 4km N of La Verne, CA",2018-08-29T02:33:28.330000+00:00,34.1363333,-117.7746667,5.46,4.38,312.0,79.0,178.0,https://earthquake.usgs.gov/earthquakes/eventpage/ci38038071,data/examples/example_five_event_subset/observed/ci38038071.mseed,data/examples/example_five_event_subset/observed/ci38038071.json,data/examples/example_five_event_subset/synthetics/cvmsi_20260506_material_0p6x1p2_asdf/ci38038071.mseed,30,52,ci38038071,DJJ,10,1,34.10618,-118.45505,data/examples/example_five_event_subset/observed/ci38038071.mseed,cvmsi_20260506_material_0p6x1p2_asdf
CI,33.848,-118.096,5,ci38038071,"4km N of La Verne, CA","M 4.4 - 4km N of La Verne, CA",2018-08-29T02:33:28.330000+00:00,34.1363333,-117.7746667,5.46,4.38,312.0,79.0,178.0,https://earthquake.usgs.gov/earthquakes/eventpage/ci38038071,data/examples/example_five_event_subset/observed/ci38038071.mseed,data/examples/example_five_event_subset/observed/ci38038071.json,data/examples/example_five_event_subset/synthetics/cvmsi_20260506_material_0p6x1p2_asdf/ci38038071.mseed,30,52,ci38038071,DLA,11,1,33.848,-118.096,data/examples/example_five_event_subset/observed/ci38038071.mseed,cvmsi_20260506_material_0p6x1p2_asdf
CI,33.64907,-117.42604,5,ci38038071,"4km N of La Verne, CA","M 4.4 - 4km N of La Verne, CA",2018-08-29T02:33:28.330000+00:00,34.1363333,-117.7746667,5.46,4.38,312.0,79.0,178.0,https://earthquake.usgs.gov/earthquakes/eventpage/ci38038071,data/examples/example_five_event_subset/observed/ci38038071.mseed,data/examples/example_five_event_subset/observed/ci38038071.json,data/examples/example_five_event_subset/synthetics/cvmsi_20260506_material_0p6x1p2_asdf/ci38038071.mseed,30,52,ci38038071,ELS2,12,1,33.64907,-117.42604,data/examples/example_five_event_subset/observed/ci38038071.mseed,cvmsi_20260506_material_0p6x1p2_asdf
CI,33.71264,-118.29381,5,ci38038071,"4km N of La Verne, CA","M 4.4 - 4km N of La Verne, CA",2018-08-29T02:33:28.330000+00:00,34.1363333,-117.7746667,5.46,4.38,312.0,79.0,178.0,https://earthquake.usgs.gov/earthquakes/eventpage/ci38038071,data/examples/example_five_event_subset/observed/ci38038071.mseed,data/examples/example_five_event_subset/observed/ci38038071.json,data/examples/example_five_event_subset/synthetics/cvmsi_20260506_material_0p6x1p2_asdf/ci38038071.mseed,30,52,ci38038071,FMP,13,1,33.71264,-118.29381,data/examples/example_five_event_subset/observed/ci38038071.mseed,cvmsi_20260506_material_0p6x1p2_asdf
CI,34.1,-117.439,5,ci38038071,"4km N of La Verne, CA","M 4.4 - 4km N of La Verne, CA",2018-08-29T02:33:28.330000+00:00,34.1363333,-117.7746667,5.46,4.38,312.0,79.0,178.0,https://earthquake.usgs.gov/earthquakes/eventpage/ci38038071,data/examples/example_five_event_subset/observed/ci38038071.mseed,data/examples/example_five_event_subset/observed/ci38038071.json,data/examples/example_five_event_subset/synthetics/cvmsi_20260506_material_0p6x1p2_asdf/ci38038071.mseed,30,52,ci38038071,FON,14,1,34.1,-117.439,data/examples/example_five_event_subset/observed/ci38038071.mseed,cvmsi_20260506_material_0p6x1p2_asdf
CI,34.221,-118.188,5,ci38038071,"4km N of La Verne, CA","M 4.4 - 4km N of La Verne, CA",2018-08-29T02:33:28.330000+00:00,34.1363333,-117.7746667,5.46,4.38,312.0,79.0,178.0,https://earthquake.usgs.gov/earthquakes/eventpage/ci38038071,data/examples/example_five_event_subset/observed/ci38038071.mseed,data/examples/example_five_event_subset/observed/ci38038071.json,data/examples/example_five_event_subset/synthetics/cvmsi_20260506_material_0p6x1p2_asdf/ci38038071.mseed,30,52,ci38038071,GOU,15,1,34.221,-118.188,data/examples/example_five_event_subset/observed/ci38038071.mseed,cvmsi_20260506_material_0p6x1p2_asdf
CI,34.11816,-118.30024,3,ci38038071,"4km N of La Verne, CA","M 4.4 - 4km N of La Verne, CA",2018-08-29T02:33:28.330000+00:00,34.1363333,-117.7746667,5.46,4.38,312.0,79.0,178.0,https://earthquake.usgs.gov/earthquakes/eventpage/ci38038071,data/examples/example_five_event_subset/observed/ci38038071.mseed,data/examples/example_five_event_subset/observed/ci38038071.json,data/examples/example_five_event_subset/synthetics/cvmsi_20260506_material_0p6x1p2_asdf/ci38038071.mseed,30,52,ci38038071,GR2,16,1,34.11816,-118.30024,data/examples/example_five_event_subset/observed/ci38038071.mseed,cvmsi_20260506_material_0p6x1p2_asdf
CI,34.137,-118.128,4,ci38038071,"4km N of La Verne, CA","M 4.4 - 4km N of La Verne, CA",2018-08-29T02:33:28.330000+00:00,34.1363333,-117.7746667,5.46,4.38,312.0,79.0,178.0,https://earthquake.usgs.gov/earthquakes/eventpage/ci38038071,data/examples/example_five_event_subset/observed/ci38038071.mseed,data/examples/example_five_event_subset/observed/ci38038071.json,data/examples/example_five_event_subset/synthetics/cvmsi_20260506_material_0p6x1p2_asdf/ci38038071.mseed,30,52,ci38038071,GSA,17,1,34.137,-118.128,data/examples/example_five_event_subset/observed/ci38038071.mseed,cvmsi_20260506_material_0p6x1p2_asdf
CI,33.76,-117.477,4,ci38038071,"4km N of La Verne, CA","M 4.4 - 4km N of La Verne, CA",2018-08-29T02:33:28.330000+00:00,34.1363333,-117.7746667,5.46,4.38,312.0,79.0,178.0,https://earthquake.usgs.gov/earthquakes/eventpage/ci38038071,data/examples/example_five_event_subset/observed/ci38038071.mseed,data/examples/example_five_event_subset/observed/ci38038071.json,data/examples/example_five_event_subset/synthetics/cvmsi_20260506_material_0p6x1p2_asdf/ci38038071.mseed,30,52,ci38038071,IVY,18,1,33.76,-117.477,data/examples/example_five_event_subset/observed/ci38038071.mseed,cvmsi_20260506_material_0p6x1p2_asdf
CI,33.86889,-118.33143,5,ci38038071,"4km N of La Verne, CA","M 4.4 - 4km N of La Verne, CA",2018-08-29T02:33:28.330000+00:00,34.1363333,-117.7746667,5.46,4.38,312.0,79.0,178.0,https://earthquake.usgs.gov/earthquakes/eventpage/ci38038071,data/examples/example_five_event_subset/observed/ci38038071.mseed,data/examples/example_five_event_subset/observed/ci38038071.json,data/examples/example_five_event_subset/synthetics/cvmsi_20260506_material_0p6x1p2_asdf/ci38038071.mseed,30,52,ci38038071,LAF,19,1,33.86889,-118.33143,data/examples/example_five_event_subset/observed/ci38038071.mseed,cvmsi_20260506_material_0p6x1p2_asdf
CI,33.798,-118.088,5,ci38038071,"4km N of La Verne, CA","M 4.4 - 4km N of La Verne, CA",2018-08-29T02:33:28.330000+00:00,34.1363333,-117.7746667,5.46,4.38,312.0,79.0,178.0,https://earthquake.usgs.gov/earthquakes/eventpage/ci38038071,data/examples/example_five_event_subset/observed/ci38038071.mseed,data/examples/example_five_event_subset/observed/ci38038071.json,data/examples/example_five_event_subset/synthetics/cvmsi_20260506_material_0p6x1p2_asdf/ci38038071.mseed,30,52,ci38038071,LBW1,20,1,33.798,-118.088,data/examples/example_five_event_subset/observed/ci38038071.mseed,cvmsi_20260506_material_0p6x1p2_asdf
CI,34.00033,-118.37794,4,ci38038071,"4km N of La Verne, CA","M 4.4 - 4km N of La Verne, CA",2018-08-29T02:33:28.330000+00:00,34.1363333,-117.7746667,5.46,4.38,312.0,79.0,178.0,https://earthquake.usgs.gov/earthquakes/eventpage/ci38038071,data/examples/example_five_event_subset/observed/ci38038071.mseed,data/examples/example_five_event_subset/observed/ci38038071.json,data/examples/example_five_event_subset/synthetics/cvmsi_20260506_material_0p6x1p2_asdf/ci38038071.mseed,30,52,ci38038071,LCG,21,1,34.00033,-118.37794,data/examples/example_five_event_subset/observed/ci38038071.mseed,cvmsi_20260506_material_0p6x1p2_asdf
CI,33.975,-118.149,4,ci38038071,"4km N of La Verne, CA","M 4.4 - 4km N of La Verne, CA",2018-08-29T02:33:28.330000+00:00,34.1363333,-117.7746667,5.46,4.38,312.0,79.0,178.0,https://earthquake.usgs.gov/earthquakes/eventpage/ci38038071,data/examples/example_five_event_subset/observed/ci38038071.mseed,data/examples/example_five_event_subset/observed/ci38038071.json,data/examples/example_five_event_subset/synthetics/cvmsi_20260506_material_0p6x1p2_asdf/ci38038071.mseed,30,52,ci38038071,LGB,22,1,33.975,-118.149,data/examples/example_five_event_subset/observed/ci38038071.mseed,cvmsi_20260506_material_0p6x1p2_asdf
CI,33.68447,-117.94304,4,ci38038071,"4km N of La Verne, CA","M 4.4 - 4km N of La Verne, CA",2018-08-29T02:33:28.330000+00:00,34.1363333,-117.7746667,5.46,4.38,312.0,79.0,178.0,https://earthquake.usgs.gov/earthquakes/eventpage/ci38038071,data/examples/example_five_event_subset/observed/ci38038071.mseed,data/examples/example_five_event_subset/observed/ci38038071.json,data/examples/example_five_event_subset/synthetics/cvmsi_20260506_material_0p6x1p2_asdf/ci38038071.mseed,30,52,ci38038071,LLS,23,1,33.68447,-117.94304,data/examples/example_five_event_subset/observed/ci38038071.mseed,cvmsi_20260506_material_0p6x1p2_asdf
CI,33.744,-117.391,3,ci38038071,"4km N of La Verne, CA","M 4.4 - 4km N of La Verne, CA",2018-08-29T02:33:28.330000+00:00,34.1363333,-117.7746667,5.46,4.38,312.0,79.0,178.0,https://earthquake.usgs.gov/earthquakes/eventpage/ci38038071,data/examples/example_five_event_subset/observed/ci38038071.mseed,data/examples/example_five_event_subset/observed/ci38038071.json,data/examples/example_five_event_subset/synthetics/cvmsi_20260506_material_0p6x1p2_asdf/ci38038071.mseed,30,52,ci38038071,LMH,24,1,33.744,-117.391,data/examples/example_five_event_subset/observed/ci38038071.mseed,cvmsi_20260506_material_0p6x1p2_asdf
CI,33.817,-117.445,2,ci38038071,"4km N of La Verne, CA","M 4.4 - 4km N of La Verne, CA",2018-08-29T02:33:28.330000+00:00,34.1363333,-117.7746667,5.46,4.38,312.0,79.0,178.0,https://earthquake.usgs.gov/earthquakes/eventpage/ci38038071,data/examples/example_five_event_subset/observed/ci38038071.mseed,data/examples/example_five_event_subset/observed/ci38038071.json,data/examples/example_five_event_subset/synthetics/cvmsi_20260506_material_0p6x1p2_asdf/ci38038071.mseed,30,52,ci38038071,LMS,25,1,33.817,-117.445,data/examples/example_five_event_subset/observed/ci38038071.mseed,cvmsi_20260506_material_0p6x1p2_asdf
CI,33.881,-118.176,2,ci38038071,"4km N of La Verne, CA","M 4.4 - 4km N of La Verne, CA",2018-08-29T02:33:28.330000+00:00,34.1363333,-117.7746667,5.46,4.38,312.0,79.0,178.0,https://earthquake.usgs.gov/earthquakes/eventpage/ci38038071,data/examples/example_five_event_subset/observed/ci38038071.mseed,data/examples/example_five_event_subset/observed/ci38038071.json,data/examples/example_five_event_subset/synthetics/cvmsi_20260506_material_0p6x1p2_asdf/ci38038071.mseed,30,52,ci38038071,LTP,26,1,33.881,-118.176,data/examples/example_five_event_subset/observed/ci38038071.mseed,cvmsi_20260506_material_0p6x1p2_asdf
CI,34.005,-117.562,2,ci38038071,"4km N of La Verne, CA","M 4.4 - 4km N of La Verne, CA",2018-08-29T02:33:28.330000+00:00,34.1363333,-117.7746667,5.46,4.38,312.0,79.0,178.0,https://earthquake.usgs.gov/earthquakes/eventpage/ci38038071,data/examples/example_five_event_subset/observed/ci38038071.mseed,data/examples/example_five_event_subset/observed/ci38038071.json,data/examples/example_five_event_subset/synthetics/cvmsi_20260506_material_0p6x1p2_asdf/ci38038071.mseed,30,52,ci38038071,MLS,27,1,34.005,-117.562,data/examples/example_five_event_subset/observed/ci38038071.mseed,cvmsi_20260506_material_0p6x1p2_asdf
CI,34.224,-118.058,1,ci38038071,"4km N of La Verne, CA","M 4.4 - 4km N of La Verne, CA",2018-08-29T02:33:28.330000+00:00,34.1363333,-117.7746667,5.46,4.38,312.0,79.0,178.0,https://earthquake.usgs.gov/earthquakes/eventpage/ci38038071,data/examples/example_five_event_subset/observed/ci38038071.mseed,data/examples/example_five_event_subset/observed/ci38038071.json,data/examples/example_five_event_subset/synthetics/cvmsi_20260506_material_0p6x1p2_asdf/ci38038071.mseed,30,52,ci38038071,MWC,28,1,34.224,-118.058,data/examples/example_five_event_subset/observed/ci38038071.mseed,cvmsi_20260506_material_0p6x1p2_asdf
CI,33.945,-117.924,1,ci38038071,"4km N of La Verne, CA","M 4.4 - 4km N of La Verne, CA",2018-08-29T02:33:28.330000+00:00,34.1363333,-117.7746667,5.46,4.38,312.0,79.0,178.0,https://earthquake.usgs.gov/earthquakes/eventpage/ci38038071,data/examples/example_five_event_subset/observed/ci38038071.mseed,data/examples/example_five_event_subset/observed/ci38038071.json,data/examples/example_five_event_subset/synthetics/cvmsi_20260506_material_0p6x1p2_asdf/ci38038071.mseed,30,52,ci38038071,OLI,29,1,33.945,-117.924,data/examples/example_five_event_subset/observed/ci38038071.mseed,cvmsi_20260506_material_0p6x1p2_asdf
CI,34.17141,-118.18523,1,ci38038071,"4km N of La Verne, CA","M 4.4 - 4km N of La Verne, CA",2018-08-29T02:33:28.330000+00:00,34.1363333,-117.7746667,5.46,4.38,312.0,79.0,178.0,https://earthquake.usgs.gov/earthquakes/eventpage/ci38038071,data/examples/example_five_event_subset/observed/ci38038071.mseed,data/examples/example_five_event_subset/observed/ci38038071.json,data/examples/example_five_event_subset/synthetics/cvmsi_20260506_material_0p6x1p2_asdf/ci38038071.mseed,30,52,ci38038071,PASC,30,1,34.17141,-118.18523,data/examples/example_five_event_subset/observed/ci38038071.mseed,cvmsi_20260506_material_0p6x1p2_asdf
CI,34.239,-117.659,4,ci38695658,"3km WSW of South El Monte, CA","M 4.5 - 3km WSW of South El Monte, CA",2020-09-19T06:38:46.930000+00:00,34.038,-118.08,16.87,4.54,96.0,48.0,108.0,https://earthquake.usgs.gov/earthquakes/eventpage/ci38695658,data/examples/example_five_event_subset/observed/ci38695658.mseed,data/examples/example_five_event_subset/observed/ci38695658.json,data/examples/example_five_event_subset/synthetics/cvmsi_20260506_material_0p6x1p2_asdf/ci38695658.mseed,30,75,ci38695658,BFS,1,2,34.239,-117.659,data/examples/example_five_event_subset/observed/ci38695658.mseed,cvmsi_20260506_material_0p6x1p2_asdf
CI,33.991,-118.362,5,ci38695658,"3km WSW of South El Monte, CA","M 4.5 - 3km WSW of South El Monte, CA",2020-09-19T06:38:46.930000+00:00,34.038,-118.08,16.87,4.54,96.0,48.0,108.0,https://earthquake.usgs.gov/earthquakes/eventpage/ci38695658,data/examples/example_five_event_subset/observed/ci38695658.mseed,data/examples/example_five_event_subset/observed/ci38695658.json,data/examples/example_five_event_subset/synthetics/cvmsi_20260506_material_0p6x1p2_asdf/ci38695658.mseed,30,75,ci38695658,BHP,2,2,33.991,-118.362,data/examples/example_five_event_subset/observed/ci38695658.mseed,cvmsi_20260506_material_0p6x1p2_asdf
CI,34.244,-118.673,4,ci38695658,"3km WSW of South El Monte, CA","M 4.5 - 3km WSW of South El Monte, CA",2020-09-19T06:38:46.930000+00:00,34.038,-118.08,16.87,4.54,96.0,48.0,108.0,https://earthquake.usgs.gov/earthquakes/eventpage/ci38695658,data/examples/example_five_event_subset/observed/ci38695658.mseed,data/examples/example_five_event_subset/observed/ci38695658.json,data/examples/example_five_event_subset/synthetics/cvmsi_20260506_material_0p6x1p2_asdf/ci38695658.mseed,30,75,ci38695658,BLC,3,2,34.244,-118.673,data/examples/example_five_event_subset/observed/ci38695658.mseed,cvmsi_20260506_material_0p6x1p2_asdf
CI,33.808,-117.981,5,ci38695658,"3km WSW of South El Monte, CA","M 4.5 - 3km WSW of South El Monte, CA",2020-09-19T06:38:46.930000+00:00,34.038,-118.08,16.87,4.54,96.0,48.0,108.0,https://earthquake.usgs.gov/earthquakes/eventpage/ci38695658,data/examples/example_five_event_subset/observed/ci38695658.mseed,data/examples/example_five_event_subset/observed/ci38695658.json,data/examples/example_five_event_subset/synthetics/cvmsi_20260506_material_0p6x1p2_asdf/ci38695658.mseed,30,75,ci38695658,BRE,4,2,33.808,-117.981,data/examples/example_five_event_subset/observed/ci38695658.mseed,cvmsi_20260506_material_0p6x1p2_asdf
CI,33.999,-117.68,5,ci38695658,"3km WSW of South El Monte, CA","M 4.5 - 3km WSW of South El Monte, CA",2020-09-19T06:38:46.930000+00:00,34.038,-118.08,16.87,4.54,96.0,48.0,108.0,https://earthquake.usgs.gov/earthquakes/eventpage/ci38695658,data/examples/example_five_event_subset/observed/ci38695658.mseed,data/examples/example_five_event_subset/observed/ci38695658.json,data/examples/example_five_event_subset/synthetics/cvmsi_20260506_material_0p6x1p2_asdf/ci38695658.mseed,30,75,ci38695658,CHN,5,2,33.999,-117.68,data/examples/example_five_event_subset/observed/ci38695658.mseed,cvmsi_20260506_material_0p6x1p2_asdf
CI,34.271,-117.424,4,ci38695658,"3km WSW of South El Monte, CA","M 4.5 - 3km WSW of South El Monte, CA",2020-09-19T06:38:46.930000+00:00,34.038,-118.08,16.87,4.54,96.0,48.0,108.0,https://earthquake.usgs.gov/earthquakes/eventpage/ci38695658,data/examples/example_five_event_subset/observed/ci38695658.mseed,data/examples/example_five_event_subset/observed/ci38695658.json,data/examples/example_five_event_subset/synthetics/cvmsi_20260506_material_0p6x1p2_asdf/ci38695658.mseed,30,75,ci38695658,CJM,6,2,34.271,-117.424,data/examples/example_five_event_subset/observed/ci38695658.mseed,cvmsi_20260506_material_0p6x1p2_asdf
CI,33.874,-118.039,3,ci38695658,"3km WSW of South El Monte, CA","M 4.5 - 3km WSW of South El Monte, CA",2020-09-19T06:38:46.930000+00:00,34.038,-118.08,16.87,4.54,96.0,48.0,108.0,https://earthquake.usgs.gov/earthquakes/eventpage/ci38695658,data/examples/example_five_event_subset/observed/ci38695658.mseed,data/examples/example_five_event_subset/observed/ci38695658.json,data/examples/example_five_event_subset/synthetics/cvmsi_20260506_material_0p6x1p2_asdf/ci38695658.mseed,30,75,ci38695658,CRF,7,2,33.874,-118.039,data/examples/example_five_event_subset/observed/ci38695658.mseed,cvmsi_20260506_material_0p6x1p2_asdf
CI,33.876,-117.561,4,ci38695658,"3km WSW of South El Monte, CA","M 4.5 - 3km WSW of South El Monte, CA",2020-09-19T06:38:46.930000+00:00,34.038,-118.08,16.87,4.54,96.0,48.0,108.0,https://earthquake.usgs.gov/earthquakes/eventpage/ci38695658,data/examples/example_five_event_subset/observed/ci38695658.mseed,data/examples/example_five_event_subset/observed/ci38695658.json,data/examples/example_five_event_subset/synthetics/cvmsi_20260506_material_0p6x1p2_asdf/ci38695658.mseed,30,75,ci38695658,CRN,8,2,33.876,-117.561,data/examples/example_five_event_subset/observed/ci38695658.mseed,cvmsi_20260506_material_0p6x1p2_asdf
CI,34.25353,-118.33383,5,ci38695658,"3km WSW of South El Monte, CA","M 4.5 - 3km WSW of South El Monte, CA",2020-09-19T06:38:46.930000+00:00,34.038,-118.08,16.87,4.54,96.0,48.0,108.0,https://earthquake.usgs.gov/earthquakes/eventpage/ci38695658,data/examples/example_five_event_subset/observed/ci38695658.mseed,data/examples/example_five_event_subset/observed/ci38695658.json,data/examples/example_five_event_subset/synthetics/cvmsi_20260506_material_0p6x1p2_asdf/ci38695658.mseed,30,75,ci38695658,DEC,9,2,34.25353,-118.33383,data/examples/example_five_event_subset/observed/ci38695658.mseed,cvmsi_20260506_material_0p6x1p2_asdf
CI,34.10618,-118.45505,5,ci38695658,"3km WSW of South El Monte, CA","M 4.5 - 3km WSW of South El Monte, CA",2020-09-19T06:38:46.930000+00:00,34.038,-118.08,16.87,4.54,96.0,48.0,108.0,https://earthquake.usgs.gov/earthquakes/eventpage/ci38695658,data/examples/example_five_event_subset/observed/ci38695658.mseed,data/examples/example_five_event_subset/observed/ci38695658.json,data/examples/example_five_event_subset/synthetics/cvmsi_20260506_material_0p6x1p2_asdf/ci38695658.mseed,30,75,ci38695658,DJJ,10,2,34.10618,-118.45505,data/examples/example_five_event_subset/observed/ci38695658.mseed,cvmsi_20260506_material_0p6x1p2_asdf
CI,33.848,-118.096,5,ci38695658,"3km WSW of South El Monte, CA","M 4.5 - 3km WSW of South El Monte, CA",2020-09-19T06:38:46.930000+00:00,34.038,-118.08,16.87,4.54,96.0,48.0,108.0,https://earthquake.usgs.gov/earthquakes/eventpage/ci38695658,data/examples/example_five_event_subset/observed/ci38695658.mseed,data/examples/example_five_event_subset/observed/ci38695658.json,data/examples/example_five_event_subset/synthetics/cvmsi_20260506_material_0p6x1p2_asdf/ci38695658.mseed,30,75,ci38695658,DLA,11,2,33.848,-118.096,data/examples/example_five_event_subset/observed/ci38695658.mseed,cvmsi_20260506_material_0p6x1p2_asdf
CI,33.64907,-117.42604,5,ci38695658,"3km WSW of South El Monte, CA","M 4.5 - 3km WSW of South El Monte, CA",2020-09-19T06:38:46.930000+00:00,34.038,-118.08,16.87,4.54,96.0,48.0,108.0,https://earthquake.usgs.gov/earthquakes/eventpage/ci38695658,data/examples/example_five_event_subset/observed/ci38695658.mseed,data/examples/example_five_event_subset/observed/ci38695658.json,data/examples/example_five_event_subset/synthetics/cvmsi_20260506_material_0p6x1p2_asdf/ci38695658.mseed,30,75,ci38695658,ELS2,12,2,33.64907,-117.42604,data/examples/example_five_event_subset/observed/ci38695658.mseed,cvmsi_20260506_material_0p6x1p2_asdf
CI,33.71264,-118.29381,5,ci38695658,"3km WSW of South El Monte, CA","M 4.5 - 3km WSW of South El Monte, CA",2020-09-19T06:38:46.930000+00:00,34.038,-118.08,16.87,4.54,96.0,48.0,108.0,https://earthquake.usgs.gov/earthquakes/eventpage/ci38695658,data/examples/example_five_event_subset/observed/ci38695658.mseed,data/examples/example_five_event_subset/observed/ci38695658.json,data/examples/example_five_event_subset/synthetics/cvmsi_20260506_material_0p6x1p2_asdf/ci38695658.mseed,30,75,ci38695658,FMP,13,2,33.71264,-118.29381,data/examples/example_five_event_subset/observed/ci38695658.mseed,cvmsi_20260506_material_0p6x1p2_asdf
CI,34.1,-117.439,5,ci38695658,"3km WSW of South El Monte, CA","M 4.5 - 3km WSW of South El Monte, CA",2020-09-19T06:38:46.930000+00:00,34.038,-118.08,16.87,4.54,96.0,48.0,108.0,https://earthquake.usgs.gov/earthquakes/eventpage/ci38695658,data/examples/example_five_event_subset/observed/ci38695658.mseed,data/examples/example_five_event_subset/observed/ci38695658.json,data/examples/example_five_event_subset/synthetics/cvmsi_20260506_material_0p6x1p2_asdf/ci38695658.mseed,30,75,ci38695658,FON,14,2,34.1,-117.439,data/examples/example_five_event_subset/observed/ci38695658.mseed,cvmsi_20260506_material_0p6x1p2_asdf
CI,34.221,-118.188,5,ci38695658,"3km WSW of South El Monte, CA","M 4.5 - 3km WSW of South El Monte, CA",2020-09-19T06:38:46.930000+00:00,34.038,-118.08,16.87,4.54,96.0,48.0,108.0,https://earthquake.usgs.gov/earthquakes/eventpage/ci38695658,data/examples/example_five_event_subset/observed/ci38695658.mseed,data/examples/example_five_event_subset/observed/ci38695658.json,data/examples/example_five_event_subset/synthetics/cvmsi_20260506_material_0p6x1p2_asdf/ci38695658.mseed,30,75,ci38695658,GOU,15,2,34.221,-118.188,data/examples/example_five_event_subset/observed/ci38695658.mseed,cvmsi_20260506_material_0p6x1p2_asdf
CI,34.11816,-118.30024,3,ci38695658,"3km WSW of South El Monte, CA","M 4.5 - 3km WSW of South El Monte, CA",2020-09-19T06:38:46.930000+00:00,34.038,-118.08,16.87,4.54,96.0,48.0,108.0,https://earthquake.usgs.gov/earthquakes/eventpage/ci38695658,data/examples/example_five_event_subset/observed/ci38695658.mseed,data/examples/example_five_event_subset/observed/ci38695658.json,data/examples/example_five_event_subset/synthetics/cvmsi_20260506_material_0p6x1p2_asdf/ci38695658.mseed,30,75,ci38695658,GR2,16,2,34.11816,-118.30024,data/examples/example_five_event_subset/observed/ci38695658.mseed,cvmsi_20260506_material_0p6x1p2_asdf
CI,34.137,-118.128,4,ci38695658,"3km WSW of South El Monte, CA","M 4.5 - 3km WSW of South El Monte, CA",2020-09-19T06:38:46.930000+00:00,34.038,-118.08,16.87,4.54,96.0,48.0,108.0,https://earthquake.usgs.gov/earthquakes/eventpage/ci38695658,data/examples/example_five_event_subset/observed/ci38695658.mseed,data/examples/example_five_event_subset/observed/ci38695658.json,data/examples/example_five_event_subset/synthetics/cvmsi_20260506_material_0p6x1p2_asdf/ci38695658.mseed,30,75,ci38695658,GSA,17,2,34.137,-118.128,data/examples/example_five_event_subset/observed/ci38695658.mseed,cvmsi_20260506_material_0p6x1p2_asdf
CI,33.76,-117.477,4,ci38695658,"3km WSW of South El Monte, CA","M 4.5 - 3km WSW of South El Monte, CA",2020-09-19T06:38:46.930000+00:00,34.038,-118.08,16.87,4.54,96.0,48.0,108.0,https://earthquake.usgs.gov/earthquakes/eventpage/ci38695658,data/examples/example_five_event_subset/observed/ci38695658.mseed,data/examples/example_five_event_subset/observed/ci38695658.json,data/examples/example_five_event_subset/synthetics/cvmsi_20260506_material_0p6x1p2_asdf/ci38695658.mseed,30,75,ci38695658,IVY,18,2,33.76,-117.477,data/examples/example_five_event_subset/observed/ci38695658.mseed,cvmsi_20260506_material_0p6x1p2_asdf
CI,33.86889,-118.33143,5,ci38695658,"3km WSW of South El Monte, CA","M 4.5 - 3km WSW of South El Monte, CA",2020-09-19T06:38:46.930000+00:00,34.038,-118.08,16.87,4.54,96.0,48.0,108.0,https://earthquake.usgs.gov/earthquakes/eventpage/ci38695658,data/examples/example_five_event_subset/observed/ci38695658.mseed,data/examples/example_five_event_subset/observed/ci38695658.json,data/examples/example_five_event_subset/synthetics/cvmsi_20260506_material_0p6x1p2_asdf/ci38695658.mseed,30,75,ci38695658,LAF,19,2,33.86889,-118.33143,data/examples/example_five_event_subset/observed/ci38695658.mseed,cvmsi_20260506_material_0p6x1p2_asdf
CI,33.798,-118.088,5,ci38695658,"3km WSW of South El Monte, CA","M 4.5 - 3km WSW of South El Monte, CA",2020-09-19T06:38:46.930000+00:00,34.038,-118.08,16.87,4.54,96.0,48.0,108.0,https://earthquake.usgs.gov/earthquakes/eventpage/ci38695658,data/examples/example_five_event_subset/observed/ci38695658.mseed,data/examples/example_five_event_subset/observed/ci38695658.json,data/examples/example_five_event_subset/synthetics/cvmsi_20260506_material_0p6x1p2_asdf/ci38695658.mseed,30,75,ci38695658,LBW1,20,2,33.798,-118.088,data/examples/example_five_event_subset/observed/ci38695658.mseed,cvmsi_20260506_material_0p6x1p2_asdf
CI,34.00033,-118.37794,4,ci38695658,"3km WSW of South El Monte, CA","M 4.5 - 3km WSW of South El Monte, CA",2020-09-19T06:38:46.930000+00:00,34.038,-118.08,16.87,4.54,96.0,48.0,108.0,https://earthquake.usgs.gov/earthquakes/eventpage/ci38695658,data/examples/example_five_event_subset/observed/ci38695658.mseed,data/examples/example_five_event_subset/observed/ci38695658.json,data/examples/example_five_event_subset/synthetics/cvmsi_20260506_material_0p6x1p2_asdf/ci38695658.mseed,30,75,ci38695658,LCG,21,2,34.00033,-118.37794,data/examples/example_five_event_subset/observed/ci38695658.mseed,cvmsi_20260506_material_0p6x1p2_asdf
CI,33.975,-118.149,4,ci38695658,"3km WSW of South El Monte, CA","M 4.5 - 3km WSW of South El Monte, CA",2020-09-19T06:38:46.930000+00:00,34.038,-118.08,16.87,4.54,96.0,48.0,108.0,https://earthquake.usgs.gov/earthquakes/eventpage/ci38695658,data/examples/example_five_event_subset/observed/ci38695658.mseed,data/examples/example_five_event_subset/observed/ci38695658.json,data/examples/example_five_event_subset/synthetics/cvmsi_20260506_material_0p6x1p2_asdf/ci38695658.mseed,30,75,ci38695658,LGB,22,2,33.975,-118.149,data/examples/example_five_event_subset/observed/ci38695658.mseed,cvmsi_20260506_material_0p6x1p2_asdf
CI,33.68447,-117.94304,4,ci38695658,"3km WSW of South El Monte, CA","M 4.5 - 3km WSW of South El Monte, CA",2020-09-19T06:38:46.930000+00:00,34.038,-118.08,16.87,4.54,96.0,48.0,108.0,https://earthquake.usgs.gov/earthquakes/eventpage/ci38695658,data/examples/example_five_event_subset/observed/ci38695658.mseed,data/examples/example_five_event_subset/observed/ci38695658.json,data/examples/example_five_event_subset/synthetics/cvmsi_20260506_material_0p6x1p2_asdf/ci38695658.mseed,30,75,ci38695658,LLS,23,2,33.68447,-117.94304,data/examples/example_five_event_subset/observed/ci38695658.mseed,cvmsi_20260506_material_0p6x1p2_asdf
CI,33.744,-117.391,3,ci38695658,"3km WSW of South El Monte, CA","M 4.5 - 3km WSW of South El Monte, CA",2020-09-19T06:38:46.930000+00:00,34.038,-118.08,16.87,4.54,96.0,48.0,108.0,https://earthquake.usgs.gov/earthquakes/eventpage/ci38695658,data/examples/example_five_event_subset/observed/ci38695658.mseed,data/examples/example_five_event_subset/observed/ci38695658.json,data/examples/example_five_event_subset/synthetics/cvmsi_20260506_material_0p6x1p2_asdf/ci38695658.mseed,30,75,ci38695658,LMH,24,2,33.744,-117.391,data/examples/example_five_event_subset/observed/ci38695658.mseed,cvmsi_20260506_material_0p6x1p2_asdf
CI,33.817,-117.445,2,ci38695658,"3km WSW of South El Monte, CA","M 4.5 - 3km WSW of South El Monte, CA",2020-09-19T06:38:46.930000+00:00,34.038,-118.08,16.87,4.54,96.0,48.0,108.0,https://earthquake.usgs.gov/earthquakes/eventpage/ci38695658,data/examples/example_five_event_subset/observed/ci38695658.mseed,data/examples/example_five_event_subset/observed/ci38695658.json,data/examples/example_five_event_subset/synthetics/cvmsi_20260506_material_0p6x1p2_asdf/ci38695658.mseed,30,75,ci38695658,LMS,25,2,33.817,-117.445,data/examples/example_five_event_subset/observed/ci38695658.mseed,cvmsi_20260506_material_0p6x1p2_asdf
CI,33.881,-118.176,2,ci38695658,"3km WSW of South El Monte, CA","M 4.5 - 3km WSW of South El Monte, CA",2020-09-19T06:38:46.930000+00:00,34.038,-118.08,16.87,4.54,96.0,48.0,108.0,https://earthquake.usgs.gov/earthquakes/eventpage/ci38695658,data/examples/example_five_event_subset/observed/ci38695658.mseed,data/examples/example_five_event_subset/observed/ci38695658.json,data/examples/example_five_event_subset/synthetics/cvmsi_20260506_material_0p6x1p2_asdf/ci38695658.mseed,30,75,ci38695658,LTP,26,2,33.881,-118.176,data/examples/example_five_event_subset/observed/ci38695658.mseed,cvmsi_20260506_material_0p6x1p2_asdf
CI,34.005,-117.562,2,ci38695658,"3km WSW of South El Monte, CA","M 4.5 - 3km WSW of South El Monte, CA",2020-09-19T06:38:46.930000+00:00,34.038,-118.08,16.87,4.54,96.0,48.0,108.0,https://earthquake.usgs.gov/earthquakes/eventpage/ci38695658,data/examples/example_five_event_subset/observed/ci38695658.mseed,data/examples/example_five_event_subset/observed/ci38695658.json,data/examples/example_five_event_subset/synthetics/cvmsi_20260506_material_0p6x1p2_asdf/ci38695658.mseed,30,75,ci38695658,MLS,27,2,34.005,-117.562,data/examples/example_five_event_subset/observed/ci38695658.mseed,cvmsi_20260506_material_0p6x1p2_asdf
CI,34.224,-118.058,1,ci38695658,"3km WSW of South El Monte, CA","M 4.5 - 3km WSW of South El Monte, CA",2020-09-19T06:38:46.930000+00:00,34.038,-118.08,16.87,4.54,96.0,48.0,108.0,https://earthquake.usgs.gov/earthquakes/eventpage/ci38695658,data/examples/example_five_event_subset/observed/ci38695658.mseed,data/examples/example_five_event_subset/observed/ci38695658.json,data/examples/example_five_event_subset/synthetics/cvmsi_20260506_material_0p6x1p2_asdf/ci38695658.mseed,30,75,ci38695658,MWC,28,2,34.224,-118.058,data/examples/example_five_event_subset/observed/ci38695658.mseed,cvmsi_20260506_material_0p6x1p2_asdf
CI,33.945,-117.924,1,ci38695658,"3km WSW of South El Monte, CA","M 4.5 - 3km WSW of South El Monte, CA",2020-09-19T06:38:46.930000+00:00,34.038,-118.08,16.87,4.54,96.0,48.0,108.0,https://earthquake.usgs.gov/earthquakes/eventpage/ci38695658,data/examples/example_five_event_subset/observed/ci38695658.mseed,data/examples/example_five_event_subset/observed/ci38695658.json,data/examples/example_five_event_subset/synthetics/cvmsi_20260506_material_0p6x1p2_asdf/ci38695658.mseed,30,75,ci38695658,OLI,29,2,33.945,-117.924,data/examples/example_five_event_subset/observed/ci38695658.mseed,cvmsi_20260506_material_0p6x1p2_asdf
CI,34.17141,-118.18523,1,ci38695658,"3km WSW of South El Monte, CA","M 4.5 - 3km WSW of South El Monte, CA",2020-09-19T06:38:46.930000+00:00,34.038,-118.08,16.87,4.54,96.0,48.0,108.0,https://earthquake.usgs.gov/earthquakes/eventpage/ci38695658,data/examples/example_five_event_subset/observed/ci38695658.mseed,data/examples/example_five_event_subset/observed/ci38695658.json,data/examples/example_five_event_subset/synthetics/cvmsi_20260506_material_0p6x1p2_asdf/ci38695658.mseed,30,75,ci38695658,PASC,30,2,34.17141,-118.18523,data/examples/example_five_event_subset/observed/ci38695658.mseed,cvmsi_20260506_material_0p6x1p2_asdf
CI,34.239,-117.659,4,ci39756418,"3 km SW of San Bernardino, CA","M 4.2 - 3 km SW of San Bernardino, CA",2024-01-25T03:43:19.970000+00:00,34.1116667,-117.3115,15.78,4.24,,,,https://earthquake.usgs.gov/earthquakes/eventpage/ci39756418,data/examples/example_five_event_subset/observed/ci39756418.mseed,data/examples/example_five_event_subset/observed/ci39756418.json,data/examples/example_five_event_subset/synthetics/cvmsi_20260506_material_0p6x1p2_asdf/ci39756418.mseed,30,61,ci39756418,BFS,1,3,34.239,-117.659,data/examples/example_five_event_subset/observed/ci39756418.mseed,cvmsi_20260506_material_0p6x1p2_asdf
CI,33.991,-118.362,5,ci39756418,"3 km SW of San Bernardino, CA","M 4.2 - 3 km SW of San Bernardino, CA",2024-01-25T03:43:19.970000+00:00,34.1116667,-117.3115,15.78,4.24,,,,https://earthquake.usgs.gov/earthquakes/eventpage/ci39756418,data/examples/example_five_event_subset/observed/ci39756418.mseed,data/examples/example_five_event_subset/observed/ci39756418.json,data/examples/example_five_event_subset/synthetics/cvmsi_20260506_material_0p6x1p2_asdf/ci39756418.mseed,30,61,ci39756418,BHP,2,3,33.991,-118.362,data/examples/example_five_event_subset/observed/ci39756418.mseed,cvmsi_20260506_material_0p6x1p2_asdf
CI,34.244,-118.673,4,ci39756418,"3 km SW of San Bernardino, CA","M 4.2 - 3 km SW of San Bernardino, CA",2024-01-25T03:43:19.970000+00:00,34.1116667,-117.3115,15.78,4.24,,,,https://earthquake.usgs.gov/earthquakes/eventpage/ci39756418,data/examples/example_five_event_subset/observed/ci39756418.mseed,data/examples/example_five_event_subset/observed/ci39756418.json,data/examples/example_five_event_subset/synthetics/cvmsi_20260506_material_0p6x1p2_asdf/ci39756418.mseed,30,61,ci39756418,BLC,3,3,34.244,-118.673,data/examples/example_five_event_subset/observed/ci39756418.mseed,cvmsi_20260506_material_0p6x1p2_asdf
CI,33.808,-117.981,5,ci39756418,"3 km SW of San Bernardino, CA","M 4.2 - 3 km SW of San Bernardino, CA",2024-01-25T03:43:19.970000+00:00,34.1116667,-117.3115,15.78,4.24,,,,https://earthquake.usgs.gov/earthquakes/eventpage/ci39756418,data/examples/example_five_event_subset/observed/ci39756418.mseed,data/examples/example_five_event_subset/observed/ci39756418.json,data/examples/example_five_event_subset/synthetics/cvmsi_20260506_material_0p6x1p2_asdf/ci39756418.mseed,30,61,ci39756418,BRE,4,3,33.808,-117.981,data/examples/example_five_event_subset/observed/ci39756418.mseed,cvmsi_20260506_material_0p6x1p2_asdf
CI,33.999,-117.68,5,ci39756418,"3 km SW of San Bernardino, CA","M 4.2 - 3 km SW of San Bernardino, CA",2024-01-25T03:43:19.970000+00:00,34.1116667,-117.3115,15.78,4.24,,,,https://earthquake.usgs.gov/earthquakes/eventpage/ci39756418,data/examples/example_five_event_subset/observed/ci39756418.mseed,data/examples/example_five_event_subset/observed/ci39756418.json,data/examples/example_five_event_subset/synthetics/cvmsi_20260506_material_0p6x1p2_asdf/ci39756418.mseed,30,61,ci39756418,CHN,5,3,33.999,-117.68,data/examples/example_five_event_subset/observed/ci39756418.mseed,cvmsi_20260506_material_0p6x1p2_asdf
CI,34.271,-117.424,4,ci39756418,"3 km SW of San Bernardino, CA","M 4.2 - 3 km SW of San Bernardino, CA",2024-01-25T03:43:19.970000+00:00,34.1116667,-117.3115,15.78,4.24,,,,https://earthquake.usgs.gov/earthquakes/eventpage/ci39756418,data/examples/example_five_event_subset/observed/ci39756418.mseed,data/examples/example_five_event_subset/observed/ci39756418.json,data/examples/example_five_event_subset/synthetics/cvmsi_20260506_material_0p6x1p2_asdf/ci39756418.mseed,30,61,ci39756418,CJM,6,3,34.271,-117.424,data/examples/example_five_event_subset/observed/ci39756418.mseed,cvmsi_20260506_material_0p6x1p2_asdf
CI,33.874,-118.039,3,ci39756418,"3 km SW of San Bernardino, CA","M 4.2 - 3 km SW of San Bernardino, CA",2024-01-25T03:43:19.970000+00:00,34.1116667,-117.3115,15.78,4.24,,,,https://earthquake.usgs.gov/earthquakes/eventpage/ci39756418,data/examples/example_five_event_subset/observed/ci39756418.mseed,data/examples/example_five_event_subset/observed/ci39756418.json,data/examples/example_five_event_subset/synthetics/cvmsi_20260506_material_0p6x1p2_asdf/ci39756418.mseed,30,61,ci39756418,CRF,7,3,33.874,-118.039,data/examples/example_five_event_subset/observed/ci39756418.mseed,cvmsi_20260506_material_0p6x1p2_asdf
CI,33.876,-117.561,4,ci39756418,"3 km SW of San Bernardino, CA","M 4.2 - 3 km SW of San Bernardino, CA",2024-01-25T03:43:19.970000+00:00,34.1116667,-117.3115,15.78,4.24,,,,https://earthquake.usgs.gov/earthquakes/eventpage/ci39756418,data/examples/example_five_event_subset/observed/ci39756418.mseed,data/examples/example_five_event_subset/observed/ci39756418.json,data/examples/example_five_event_subset/synthetics/cvmsi_20260506_material_0p6x1p2_asdf/ci39756418.mseed,30,61,ci39756418,CRN,8,3,33.876,-117.561,data/examples/example_five_event_subset/observed/ci39756418.mseed,cvmsi_20260506_material_0p6x1p2_asdf
CI,34.25353,-118.33383,5,ci39756418,"3 km SW of San Bernardino, CA","M 4.2 - 3 km SW of San Bernardino, CA",2024-01-25T03:43:19.970000+00:00,34.1116667,-117.3115,15.78,4.24,,,,https://earthquake.usgs.gov/earthquakes/eventpage/ci39756418,data/examples/example_five_event_subset/observed/ci39756418.mseed,data/examples/example_five_event_subset/observed/ci39756418.json,data/examples/example_five_event_subset/synthetics/cvmsi_20260506_material_0p6x1p2_asdf/ci39756418.mseed,30,61,ci39756418,DEC,9,3,34.25353,-118.33383,data/examples/example_five_event_subset/observed/ci39756418.mseed,cvmsi_20260506_material_0p6x1p2_asdf
CI,34.10618,-118.45505,5,ci39756418,"3 km SW of San Bernardino, CA","M 4.2 - 3 km SW of San Bernardino, CA",2024-01-25T03:43:19.970000+00:00,34.1116667,-117.3115,15.78,4.24,,,,https://earthquake.usgs.gov/earthquakes/eventpage/ci39756418,data/examples/example_five_event_subset/observed/ci39756418.mseed,data/examples/example_five_event_subset/observed/ci39756418.json,data/examples/example_five_event_subset/synthetics/cvmsi_20260506_material_0p6x1p2_asdf/ci39756418.mseed,30,61,ci39756418,DJJ,10,3,34.10618,-118.45505,data/examples/example_five_event_subset/observed/ci39756418.mseed,cvmsi_20260506_material_0p6x1p2_asdf
CI,33.848,-118.096,5,ci39756418,"3 km SW of San Bernardino, CA","M 4.2 - 3 km SW of San Bernardino, CA",2024-01-25T03:43:19.970000+00:00,34.1116667,-117.3115,15.78,4.24,,,,https://earthquake.usgs.gov/earthquakes/eventpage/ci39756418,data/examples/example_five_event_subset/observed/ci39756418.mseed,data/examples/example_five_event_subset/observed/ci39756418.json,data/examples/example_five_event_subset/synthetics/cvmsi_20260506_material_0p6x1p2_asdf/ci39756418.mseed,30,61,ci39756418,DLA,11,3,33.848,-118.096,data/examples/example_five_event_subset/observed/ci39756418.mseed,cvmsi_20260506_material_0p6x1p2_asdf
CI,33.64907,-117.42604,5,ci39756418,"3 km SW of San Bernardino, CA","M 4.2 - 3 km SW of San Bernardino, CA",2024-01-25T03:43:19.970000+00:00,34.1116667,-117.3115,15.78,4.24,,,,https://earthquake.usgs.gov/earthquakes/eventpage/ci39756418,data/examples/example_five_event_subset/observed/ci39756418.mseed,data/examples/example_five_event_subset/observed/ci39756418.json,data/examples/example_five_event_subset/synthetics/cvmsi_20260506_material_0p6x1p2_asdf/ci39756418.mseed,30,61,ci39756418,ELS2,12,3,33.64907,-117.42604,data/examples/example_five_event_subset/observed/ci39756418.mseed,cvmsi_20260506_material_0p6x1p2_asdf
CI,33.71264,-118.29381,5,ci39756418,"3 km SW of San Bernardino, CA","M 4.2 - 3 km SW of San Bernardino, CA",2024-01-25T03:43:19.970000+00:00,34.1116667,-117.3115,15.78,4.24,,,,https://earthquake.usgs.gov/earthquakes/eventpage/ci39756418,data/examples/example_five_event_subset/observed/ci39756418.mseed,data/examples/example_five_event_subset/observed/ci39756418.json,data/examples/example_five_event_subset/synthetics/cvmsi_20260506_material_0p6x1p2_asdf/ci39756418.mseed,30,61,ci39756418,FMP,13,3,33.71264,-118.29381,data/examples/example_five_event_subset/observed/ci39756418.mseed,cvmsi_20260506_material_0p6x1p2_asdf
CI,34.1,-117.439,5,ci39756418,"3 km SW of San Bernardino, CA","M 4.2 - 3 km SW of San Bernardino, CA",2024-01-25T03:43:19.970000+00:00,34.1116667,-117.3115,15.78,4.24,,,,https://earthquake.usgs.gov/earthquakes/eventpage/ci39756418,data/examples/example_five_event_subset/observed/ci39756418.mseed,data/examples/example_five_event_subset/observed/ci39756418.json,data/examples/example_five_event_subset/synthetics/cvmsi_20260506_material_0p6x1p2_asdf/ci39756418.mseed,30,61,ci39756418,FON,14,3,34.1,-117.439,data/examples/example_five_event_subset/observed/ci39756418.mseed,cvmsi_20260506_material_0p6x1p2_asdf
CI,34.221,-118.188,5,ci39756418,"3 km SW of San Bernardino, CA","M 4.2 - 3 km SW of San Bernardino, CA",2024-01-25T03:43:19.970000+00:00,34.1116667,-117.3115,15.78,4.24,,,,https://earthquake.usgs.gov/earthquakes/eventpage/ci39756418,data/examples/example_five_event_subset/observed/ci39756418.mseed,data/examples/example_five_event_subset/observed/ci39756418.json,data/examples/example_five_event_subset/synthetics/cvmsi_20260506_material_0p6x1p2_asdf/ci39756418.mseed,30,61,ci39756418,GOU,15,3,34.221,-118.188,data/examples/example_five_event_subset/observed/ci39756418.mseed,cvmsi_20260506_material_0p6x1p2_asdf
CI,34.11816,-118.30024,3,ci39756418,"3 km SW of San Bernardino, CA","M 4.2 - 3 km SW of San Bernardino, CA",2024-01-25T03:43:19.970000+00:00,34.1116667,-117.3115,15.78,4.24,,,,https://earthquake.usgs.gov/earthquakes/eventpage/ci39756418,data/examples/example_five_event_subset/observed/ci39756418.mseed,data/examples/example_five_event_subset/observed/ci39756418.json,data/examples/example_five_event_subset/synthetics/cvmsi_20260506_material_0p6x1p2_asdf/ci39756418.mseed,30,61,ci39756418,GR2,16,3,34.11816,-118.30024,data/examples/example_five_event_subset/observed/ci39756418.mseed,cvmsi_20260506_material_0p6x1p2_asdf
CI,34.137,-118.128,4,ci39756418,"3 km SW of San Bernardino, CA","M 4.2 - 3 km SW of San Bernardino, CA",2024-01-25T03:43:19.970000+00:00,34.1116667,-117.3115,15.78,4.24,,,,https://earthquake.usgs.gov/earthquakes/eventpage/ci39756418,data/examples/example_five_event_subset/observed/ci39756418.mseed,data/examples/example_five_event_subset/observed/ci39756418.json,data/examples/example_five_event_subset/synthetics/cvmsi_20260506_material_0p6x1p2_asdf/ci39756418.mseed,30,61,ci39756418,GSA,17,3,34.137,-118.128,data/examples/example_five_event_subset/observed/ci39756418.mseed,cvmsi_20260506_material_0p6x1p2_asdf
CI,33.76,-117.477,4,ci39756418,"3 km SW of San Bernardino, CA","M 4.2 - 3 km SW of San Bernardino, CA",2024-01-25T03:43:19.970000+00:00,34.1116667,-117.3115,15.78,4.24,,,,https://earthquake.usgs.gov/earthquakes/eventpage/ci39756418,data/examples/example_five_event_subset/observed/ci39756418.mseed,data/examples/example_five_event_subset/observed/ci39756418.json,data/examples/example_five_event_subset/synthetics/cvmsi_20260506_material_0p6x1p2_asdf/ci39756418.mseed,30,61,ci39756418,IVY,18,3,33.76,-117.477,data/examples/example_five_event_subset/observed/ci39756418.mseed,cvmsi_20260506_material_0p6x1p2_asdf
CI,33.86889,-118.33143,5,ci39756418,"3 km SW of San Bernardino, CA","M 4.2 - 3 km SW of San Bernardino, CA",2024-01-25T03:43:19.970000+00:00,34.1116667,-117.3115,15.78,4.24,,,,https://earthquake.usgs.gov/earthquakes/eventpage/ci39756418,data/examples/example_five_event_subset/observed/ci39756418.mseed,data/examples/example_five_event_subset/observed/ci39756418.json,data/examples/example_five_event_subset/synthetics/cvmsi_20260506_material_0p6x1p2_asdf/ci39756418.mseed,30,61,ci39756418,LAF,19,3,33.86889,-118.33143,data/examples/example_five_event_subset/observed/ci39756418.mseed,cvmsi_20260506_material_0p6x1p2_asdf
CI,33.798,-118.088,5,ci39756418,"3 km SW of San Bernardino, CA","M 4.2 - 3 km SW of San Bernardino, CA",2024-01-25T03:43:19.970000+00:00,34.1116667,-117.3115,15.78,4.24,,,,https://earthquake.usgs.gov/earthquakes/eventpage/ci39756418,data/examples/example_five_event_subset/observed/ci39756418.mseed,data/examples/example_five_event_subset/observed/ci39756418.json,data/examples/example_five_event_subset/synthetics/cvmsi_20260506_material_0p6x1p2_asdf/ci39756418.mseed,30,61,ci39756418,LBW1,20,3,33.798,-118.088,data/examples/example_five_event_subset/observed/ci39756418.mseed,cvmsi_20260506_material_0p6x1p2_asdf
CI,34.00033,-118.37794,4,ci39756418,"3 km SW of San Bernardino, CA","M 4.2 - 3 km SW of San Bernardino, CA",2024-01-25T03:43:19.970000+00:00,34.1116667,-117.3115,15.78,4.24,,,,https://earthquake.usgs.gov/earthquakes/eventpage/ci39756418,data/examples/example_five_event_subset/observed/ci39756418.mseed,data/examples/example_five_event_subset/observed/ci39756418.json,data/examples/example_five_event_subset/synthetics/cvmsi_20260506_material_0p6x1p2_asdf/ci39756418.mseed,30,61,ci39756418,LCG,21,3,34.00033,-118.37794,data/examples/example_five_event_subset/observed/ci39756418.mseed,cvmsi_20260506_material_0p6x1p2_asdf
CI,33.975,-118.149,4,ci39756418,"3 km SW of San Bernardino, CA","M 4.2 - 3 km SW of San Bernardino, CA",2024-01-25T03:43:19.970000+00:00,34.1116667,-117.3115,15.78,4.24,,,,https://earthquake.usgs.gov/earthquakes/eventpage/ci39756418,data/examples/example_five_event_subset/observed/ci39756418.mseed,data/examples/example_five_event_subset/observed/ci39756418.json,data/examples/example_five_event_subset/synthetics/cvmsi_20260506_material_0p6x1p2_asdf/ci39756418.mseed,30,61,ci39756418,LGB,22,3,33.975,-118.149,data/examples/example_five_event_subset/observed/ci39756418.mseed,cvmsi_20260506_material_0p6x1p2_asdf
CI,33.68447,-117.94304,4,ci39756418,"3 km SW of San Bernardino, CA","M 4.2 - 3 km SW of San Bernardino, CA",2024-01-25T03:43:19.970000+00:00,34.1116667,-117.3115,15.78,4.24,,,,https://earthquake.usgs.gov/earthquakes/eventpage/ci39756418,data/examples/example_five_event_subset/observed/ci39756418.mseed,data/examples/example_five_event_subset/observed/ci39756418.json,data/examples/example_five_event_subset/synthetics/cvmsi_20260506_material_0p6x1p2_asdf/ci39756418.mseed,30,61,ci39756418,LLS,23,3,33.68447,-117.94304,data/examples/example_five_event_subset/observed/ci39756418.mseed,cvmsi_20260506_material_0p6x1p2_asdf
CI,33.744,-117.391,3,ci39756418,"3 km SW of San Bernardino, CA","M 4.2 - 3 km SW of San Bernardino, CA",2024-01-25T03:43:19.970000+00:00,34.1116667,-117.3115,15.78,4.24,,,,https://earthquake.usgs.gov/earthquakes/eventpage/ci39756418,data/examples/example_five_event_subset/observed/ci39756418.mseed,data/examples/example_five_event_subset/observed/ci39756418.json,data/examples/example_five_event_subset/synthetics/cvmsi_20260506_material_0p6x1p2_asdf/ci39756418.mseed,30,61,ci39756418,LMH,24,3,33.744,-117.391,data/examples/example_five_event_subset/observed/ci39756418.mseed,cvmsi_20260506_material_0p6x1p2_asdf
CI,33.817,-117.445,2,ci39756418,"3 km SW of San Bernardino, CA","M 4.2 - 3 km SW of San Bernardino, CA",2024-01-25T03:43:19.970000+00:00,34.1116667,-117.3115,15.78,4.24,,,,https://earthquake.usgs.gov/earthquakes/eventpage/ci39756418,data/examples/example_five_event_subset/observed/ci39756418.mseed,data/examples/example_five_event_subset/observed/ci39756418.json,data/examples/example_five_event_subset/synthetics/cvmsi_20260506_material_0p6x1p2_asdf/ci39756418.mseed,30,61,ci39756418,LMS,25,3,33.817,-117.445,data/examples/example_five_event_subset/observed/ci39756418.mseed,cvmsi_20260506_material_0p6x1p2_asdf
CI,33.881,-118.176,2,ci39756418,"3 km SW of San Bernardino, CA","M 4.2 - 3 km SW of San Bernardino, CA",2024-01-25T03:43:19.970000+00:00,34.1116667,-117.3115,15.78,4.24,,,,https://earthquake.usgs.gov/earthquakes/eventpage/ci39756418,data/examples/example_five_event_subset/observed/ci39756418.mseed,data/examples/example_five_event_subset/observed/ci39756418.json,data/examples/example_five_event_subset/synthetics/cvmsi_20260506_material_0p6x1p2_asdf/ci39756418.mseed,30,61,ci39756418,LTP,26,3,33.881,-118.176,data/examples/example_five_event_subset/observed/ci39756418.mseed,cvmsi_20260506_material_0p6x1p2_asdf
CI,34.005,-117.562,2,ci39756418,"3 km SW of San Bernardino, CA","M 4.2 - 3 km SW of San Bernardino, CA",2024-01-25T03:43:19.970000+00:00,34.1116667,-117.3115,15.78,4.24,,,,https://earthquake.usgs.gov/earthquakes/eventpage/ci39756418,data/examples/example_five_event_subset/observed/ci39756418.mseed,data/examples/example_five_event_subset/observed/ci39756418.json,data/examples/example_five_event_subset/synthetics/cvmsi_20260506_material_0p6x1p2_asdf/ci39756418.mseed,30,61,ci39756418,MLS,27,3,34.005,-117.562,data/examples/example_five_event_subset/observed/ci39756418.mseed,cvmsi_20260506_material_0p6x1p2_asdf
CI,34.224,-118.058,1,ci39756418,"3 km SW of San Bernardino, CA","M 4.2 - 3 km SW of San Bernardino, CA",2024-01-25T03:43:19.970000+00:00,34.1116667,-117.3115,15.78,4.24,,,,https://earthquake.usgs.gov/earthquakes/eventpage/ci39756418,data/examples/example_five_event_subset/observed/ci39756418.mseed,data/examples/example_five_event_subset/observed/ci39756418.json,data/examples/example_five_event_subset/synthetics/cvmsi_20260506_material_0p6x1p2_asdf/ci39756418.mseed,30,61,ci39756418,MWC,28,3,34.224,-118.058,data/examples/example_five_event_subset/observed/ci39756418.mseed,cvmsi_20260506_material_0p6x1p2_asdf
CI,33.945,-117.924,1,ci39756418,"3 km SW of San Bernardino, CA","M 4.2 - 3 km SW of San Bernardino, CA",2024-01-25T03:43:19.970000+00:00,34.1116667,-117.3115,15.78,4.24,,,,https://earthquake.usgs.gov/earthquakes/eventpage/ci39756418,data/examples/example_five_event_subset/observed/ci39756418.mseed,data/examples/example_five_event_subset/observed/ci39756418.json,data/examples/example_five_event_subset/synthetics/cvmsi_20260506_material_0p6x1p2_asdf/ci39756418.mseed,30,61,ci39756418,OLI,29,3,33.945,-117.924,data/examples/example_five_event_subset/observed/ci39756418.mseed,cvmsi_20260506_material_0p6x1p2_asdf
CI,34.17141,-118.18523,1,ci39756418,"3 km SW of San Bernardino, CA","M 4.2 - 3 km SW of San Bernardino, CA",2024-01-25T03:43:19.970000+00:00,34.1116667,-117.3115,15.78,4.24,,,,https://earthquake.usgs.gov/earthquakes/eventpage/ci39756418,data/examples/example_five_event_subset/observed/ci39756418.mseed,data/examples/example_five_event_subset/observed/ci39756418.json,data/examples/example_five_event_subset/synthetics/cvmsi_20260506_material_0p6x1p2_asdf/ci39756418.mseed,30,61,ci39756418,PASC,30,3,34.17141,-118.18523,data/examples/example_five_event_subset/observed/ci39756418.mseed,cvmsi_20260506_material_0p6x1p2_asdf
CI,34.239,-117.659,4,ci39812319,"2km E of Carson, CA","M 4.3 - 2km E of Carson, CA",2021-09-18T02:58:34.700000+00:00,33.8313333,-118.2636667,11.86,4.28,122.0,85.0,179.0,https://earthquake.usgs.gov/earthquakes/eventpage/ci39812319,data/examples/example_five_event_subset/observed/ci39812319.mseed,data/examples/example_five_event_subset/observed/ci39812319.json,data/examples/example_five_event_subset/synthetics/cvmsi_20260506_material_0p6x1p2_asdf/ci39812319.mseed,30,77,ci39812319,BFS,1,4,34.239,-117.659,data/examples/example_five_event_subset/observed/ci39812319.mseed,cvmsi_20260506_material_0p6x1p2_asdf
CI,33.991,-118.362,5,ci39812319,"2km E of Carson, CA","M 4.3 - 2km E of Carson, CA",2021-09-18T02:58:34.700000+00:00,33.8313333,-118.2636667,11.86,4.28,122.0,85.0,179.0,https://earthquake.usgs.gov/earthquakes/eventpage/ci39812319,data/examples/example_five_event_subset/observed/ci39812319.mseed,data/examples/example_five_event_subset/observed/ci39812319.json,data/examples/example_five_event_subset/synthetics/cvmsi_20260506_material_0p6x1p2_asdf/ci39812319.mseed,30,77,ci39812319,BHP,2,4,33.991,-118.362,data/examples/example_five_event_subset/observed/ci39812319.mseed,cvmsi_20260506_material_0p6x1p2_asdf
CI,34.244,-118.673,4,ci39812319,"2km E of Carson, CA","M 4.3 - 2km E of Carson, CA",2021-09-18T02:58:34.700000+00:00,33.8313333,-118.2636667,11.86,4.28,122.0,85.0,179.0,https://earthquake.usgs.gov/earthquakes/eventpage/ci39812319,data/examples/example_five_event_subset/observed/ci39812319.mseed,data/examples/example_five_event_subset/observed/ci39812319.json,data/examples/example_five_event_subset/synthetics/cvmsi_20260506_material_0p6x1p2_asdf/ci39812319.mseed,30,77,ci39812319,BLC,3,4,34.244,-118.673,data/examples/example_five_event_subset/observed/ci39812319.mseed,cvmsi_20260506_material_0p6x1p2_asdf
CI,33.808,-117.981,5,ci39812319,"2km E of Carson, CA","M 4.3 - 2km E of Carson, CA",2021-09-18T02:58:34.700000+00:00,33.8313333,-118.2636667,11.86,4.28,122.0,85.0,179.0,https://earthquake.usgs.gov/earthquakes/eventpage/ci39812319,data/examples/example_five_event_subset/observed/ci39812319.mseed,data/examples/example_five_event_subset/observed/ci39812319.json,data/examples/example_five_event_subset/synthetics/cvmsi_20260506_material_0p6x1p2_asdf/ci39812319.mseed,30,77,ci39812319,BRE,4,4,33.808,-117.981,data/examples/example_five_event_subset/observed/ci39812319.mseed,cvmsi_20260506_material_0p6x1p2_asdf
CI,33.999,-117.68,5,ci39812319,"2km E of Carson, CA","M 4.3 - 2km E of Carson, CA",2021-09-18T02:58:34.700000+00:00,33.8313333,-118.2636667,11.86,4.28,122.0,85.0,179.0,https://earthquake.usgs.gov/earthquakes/eventpage/ci39812319,data/examples/example_five_event_subset/observed/ci39812319.mseed,data/examples/example_five_event_subset/observed/ci39812319.json,data/examples/example_five_event_subset/synthetics/cvmsi_20260506_material_0p6x1p2_asdf/ci39812319.mseed,30,77,ci39812319,CHN,5,4,33.999,-117.68,data/examples/example_five_event_subset/observed/ci39812319.mseed,cvmsi_20260506_material_0p6x1p2_asdf
CI,34.271,-117.424,4,ci39812319,"2km E of Carson, CA","M 4.3 - 2km E of Carson, CA",2021-09-18T02:58:34.700000+00:00,33.8313333,-118.2636667,11.86,4.28,122.0,85.0,179.0,https://earthquake.usgs.gov/earthquakes/eventpage/ci39812319,data/examples/example_five_event_subset/observed/ci39812319.mseed,data/examples/example_five_event_subset/observed/ci39812319.json,data/examples/example_five_event_subset/synthetics/cvmsi_20260506_material_0p6x1p2_asdf/ci39812319.mseed,30,77,ci39812319,CJM,6,4,34.271,-117.424,data/examples/example_five_event_subset/observed/ci39812319.mseed,cvmsi_20260506_material_0p6x1p2_asdf
CI,33.874,-118.039,3,ci39812319,"2km E of Carson, CA","M 4.3 - 2km E of Carson, CA",2021-09-18T02:58:34.700000+00:00,33.8313333,-118.2636667,11.86,4.28,122.0,85.0,179.0,https://earthquake.usgs.gov/earthquakes/eventpage/ci39812319,data/examples/example_five_event_subset/observed/ci39812319.mseed,data/examples/example_five_event_subset/observed/ci39812319.json,data/examples/example_five_event_subset/synthetics/cvmsi_20260506_material_0p6x1p2_asdf/ci39812319.mseed,30,77,ci39812319,CRF,7,4,33.874,-118.039,data/examples/example_five_event_subset/observed/ci39812319.mseed,cvmsi_20260506_material_0p6x1p2_asdf
CI,33.876,-117.561,4,ci39812319,"2km E of Carson, CA","M 4.3 - 2km E of Carson, CA",2021-09-18T02:58:34.700000+00:00,33.8313333,-118.2636667,11.86,4.28,122.0,85.0,179.0,https://earthquake.usgs.gov/earthquakes/eventpage/ci39812319,data/examples/example_five_event_subset/observed/ci39812319.mseed,data/examples/example_five_event_subset/observed/ci39812319.json,data/examples/example_five_event_subset/synthetics/cvmsi_20260506_material_0p6x1p2_asdf/ci39812319.mseed,30,77,ci39812319,CRN,8,4,33.876,-117.561,data/examples/example_five_event_subset/observed/ci39812319.mseed,cvmsi_20260506_material_0p6x1p2_asdf
CI,34.25353,-118.33383,5,ci39812319,"2km E of Carson, CA","M 4.3 - 2km E of Carson, CA",2021-09-18T02:58:34.700000+00:00,33.8313333,-118.2636667,11.86,4.28,122.0,85.0,179.0,https://earthquake.usgs.gov/earthquakes/eventpage/ci39812319,data/examples/example_five_event_subset/observed/ci39812319.mseed,data/examples/example_five_event_subset/observed/ci39812319.json,data/examples/example_five_event_subset/synthetics/cvmsi_20260506_material_0p6x1p2_asdf/ci39812319.mseed,30,77,ci39812319,DEC,9,4,34.25353,-118.33383,data/examples/example_five_event_subset/observed/ci39812319.mseed,cvmsi_20260506_material_0p6x1p2_asdf
CI,34.10618,-118.45505,5,ci39812319,"2km E of Carson, CA","M 4.3 - 2km E of Carson, CA",2021-09-18T02:58:34.700000+00:00,33.8313333,-118.2636667,11.86,4.28,122.0,85.0,179.0,https://earthquake.usgs.gov/earthquakes/eventpage/ci39812319,data/examples/example_five_event_subset/observed/ci39812319.mseed,data/examples/example_five_event_subset/observed/ci39812319.json,data/examples/example_five_event_subset/synthetics/cvmsi_20260506_material_0p6x1p2_asdf/ci39812319.mseed,30,77,ci39812319,DJJ,10,4,34.10618,-118.45505,data/examples/example_five_event_subset/observed/ci39812319.mseed,cvmsi_20260506_material_0p6x1p2_asdf
CI,33.848,-118.096,5,ci39812319,"2km E of Carson, CA","M 4.3 - 2km E of Carson, CA",2021-09-18T02:58:34.700000+00:00,33.8313333,-118.2636667,11.86,4.28,122.0,85.0,179.0,https://earthquake.usgs.gov/earthquakes/eventpage/ci39812319,data/examples/example_five_event_subset/observed/ci39812319.mseed,data/examples/example_five_event_subset/observed/ci39812319.json,data/examples/example_five_event_subset/synthetics/cvmsi_20260506_material_0p6x1p2_asdf/ci39812319.mseed,30,77,ci39812319,DLA,11,4,33.848,-118.096,data/examples/example_five_event_subset/observed/ci39812319.mseed,cvmsi_20260506_material_0p6x1p2_asdf
CI,33.64907,-117.42604,5,ci39812319,"2km E of Carson, CA","M 4.3 - 2km E of Carson, CA",2021-09-18T02:58:34.700000+00:00,33.8313333,-118.2636667,11.86,4.28,122.0,85.0,179.0,https://earthquake.usgs.gov/earthquakes/eventpage/ci39812319,data/examples/example_five_event_subset/observed/ci39812319.mseed,data/examples/example_five_event_subset/observed/ci39812319.json,data/examples/example_five_event_subset/synthetics/cvmsi_20260506_material_0p6x1p2_asdf/ci39812319.mseed,30,77,ci39812319,ELS2,12,4,33.64907,-117.42604,data/examples/example_five_event_subset/observed/ci39812319.mseed,cvmsi_20260506_material_0p6x1p2_asdf
CI,33.71264,-118.29381,5,ci39812319,"2km E of Carson, CA","M 4.3 - 2km E of Carson, CA",2021-09-18T02:58:34.700000+00:00,33.8313333,-118.2636667,11.86,4.28,122.0,85.0,179.0,https://earthquake.usgs.gov/earthquakes/eventpage/ci39812319,data/examples/example_five_event_subset/observed/ci39812319.mseed,data/examples/example_five_event_subset/observed/ci39812319.json,data/examples/example_five_event_subset/synthetics/cvmsi_20260506_material_0p6x1p2_asdf/ci39812319.mseed,30,77,ci39812319,FMP,13,4,33.71264,-118.29381,data/examples/example_five_event_subset/observed/ci39812319.mseed,cvmsi_20260506_material_0p6x1p2_asdf
CI,34.1,-117.439,5,ci39812319,"2km E of Carson, CA","M 4.3 - 2km E of Carson, CA",2021-09-18T02:58:34.700000+00:00,33.8313333,-118.2636667,11.86,4.28,122.0,85.0,179.0,https://earthquake.usgs.gov/earthquakes/eventpage/ci39812319,data/examples/example_five_event_subset/observed/ci39812319.mseed,data/examples/example_five_event_subset/observed/ci39812319.json,data/examples/example_five_event_subset/synthetics/cvmsi_20260506_material_0p6x1p2_asdf/ci39812319.mseed,30,77,ci39812319,FON,14,4,34.1,-117.439,data/examples/example_five_event_subset/observed/ci39812319.mseed,cvmsi_20260506_material_0p6x1p2_asdf
CI,34.221,-118.188,5,ci39812319,"2km E of Carson, CA","M 4.3 - 2km E of Carson, CA",2021-09-18T02:58:34.700000+00:00,33.8313333,-118.2636667,11.86,4.28,122.0,85.0,179.0,https://earthquake.usgs.gov/earthquakes/eventpage/ci39812319,data/examples/example_five_event_subset/observed/ci39812319.mseed,data/examples/example_five_event_subset/observed/ci39812319.json,data/examples/example_five_event_subset/synthetics/cvmsi_20260506_material_0p6x1p2_asdf/ci39812319.mseed,30,77,ci39812319,GOU,15,4,34.221,-118.188,data/examples/example_five_event_subset/observed/ci39812319.mseed,cvmsi_20260506_material_0p6x1p2_asdf
CI,34.11816,-118.30024,3,ci39812319,"2km E of Carson, CA","M 4.3 - 2km E of Carson, CA",2021-09-18T02:58:34.700000+00:00,33.8313333,-118.2636667,11.86,4.28,122.0,85.0,179.0,https://earthquake.usgs.gov/earthquakes/eventpage/ci39812319,data/examples/example_five_event_subset/observed/ci39812319.mseed,data/examples/example_five_event_subset/observed/ci39812319.json,data/examples/example_five_event_subset/synthetics/cvmsi_20260506_material_0p6x1p2_asdf/ci39812319.mseed,30,77,ci39812319,GR2,16,4,34.11816,-118.30024,data/examples/example_five_event_subset/observed/ci39812319.mseed,cvmsi_20260506_material_0p6x1p2_asdf
CI,34.137,-118.128,4,ci39812319,"2km E of Carson, CA","M 4.3 - 2km E of Carson, CA",2021-09-18T02:58:34.700000+00:00,33.8313333,-118.2636667,11.86,4.28,122.0,85.0,179.0,https://earthquake.usgs.gov/earthquakes/eventpage/ci39812319,data/examples/example_five_event_subset/observed/ci39812319.mseed,data/examples/example_five_event_subset/observed/ci39812319.json,data/examples/example_five_event_subset/synthetics/cvmsi_20260506_material_0p6x1p2_asdf/ci39812319.mseed,30,77,ci39812319,GSA,17,4,34.137,-118.128,data/examples/example_five_event_subset/observed/ci39812319.mseed,cvmsi_20260506_material_0p6x1p2_asdf
CI,33.76,-117.477,4,ci39812319,"2km E of Carson, CA","M 4.3 - 2km E of Carson, CA",2021-09-18T02:58:34.700000+00:00,33.8313333,-118.2636667,11.86,4.28,122.0,85.0,179.0,https://earthquake.usgs.gov/earthquakes/eventpage/ci39812319,data/examples/example_five_event_subset/observed/ci39812319.mseed,data/examples/example_five_event_subset/observed/ci39812319.json,data/examples/example_five_event_subset/synthetics/cvmsi_20260506_material_0p6x1p2_asdf/ci39812319.mseed,30,77,ci39812319,IVY,18,4,33.76,-117.477,data/examples/example_five_event_subset/observed/ci39812319.mseed,cvmsi_20260506_material_0p6x1p2_asdf
CI,33.86889,-118.33143,5,ci39812319,"2km E of Carson, CA","M 4.3 - 2km E of Carson, CA",2021-09-18T02:58:34.700000+00:00,33.8313333,-118.2636667,11.86,4.28,122.0,85.0,179.0,https://earthquake.usgs.gov/earthquakes/eventpage/ci39812319,data/examples/example_five_event_subset/observed/ci39812319.mseed,data/examples/example_five_event_subset/observed/ci39812319.json,data/examples/example_five_event_subset/synthetics/cvmsi_20260506_material_0p6x1p2_asdf/ci39812319.mseed,30,77,ci39812319,LAF,19,4,33.86889,-118.33143,data/examples/example_five_event_subset/observed/ci39812319.mseed,cvmsi_20260506_material_0p6x1p2_asdf
CI,33.798,-118.088,5,ci39812319,"2km E of Carson, CA","M 4.3 - 2km E of Carson, CA",2021-09-18T02:58:34.700000+00:00,33.8313333,-118.2636667,11.86,4.28,122.0,85.0,179.0,https://earthquake.usgs.gov/earthquakes/eventpage/ci39812319,data/examples/example_five_event_subset/observed/ci39812319.mseed,data/examples/example_five_event_subset/observed/ci39812319.json,data/examples/example_five_event_subset/synthetics/cvmsi_20260506_material_0p6x1p2_asdf/ci39812319.mseed,30,77,ci39812319,LBW1,20,4,33.798,-118.088,data/examples/example_five_event_subset/observed/ci39812319.mseed,cvmsi_20260506_material_0p6x1p2_asdf
CI,34.00033,-118.37794,4,ci39812319,"2km E of Carson, CA","M 4.3 - 2km E of Carson, CA",2021-09-18T02:58:34.700000+00:00,33.8313333,-118.2636667,11.86,4.28,122.0,85.0,179.0,https://earthquake.usgs.gov/earthquakes/eventpage/ci39812319,data/examples/example_five_event_subset/observed/ci39812319.mseed,data/examples/example_five_event_subset/observed/ci39812319.json,data/examples/example_five_event_subset/synthetics/cvmsi_20260506_material_0p6x1p2_asdf/ci39812319.mseed,30,77,ci39812319,LCG,21,4,34.00033,-118.37794,data/examples/example_five_event_subset/observed/ci39812319.mseed,cvmsi_20260506_material_0p6x1p2_asdf
CI,33.975,-118.149,4,ci39812319,"2km E of Carson, CA","M 4.3 - 2km E of Carson, CA",2021-09-18T02:58:34.700000+00:00,33.8313333,-118.2636667,11.86,4.28,122.0,85.0,179.0,https://earthquake.usgs.gov/earthquakes/eventpage/ci39812319,data/examples/example_five_event_subset/observed/ci39812319.mseed,data/examples/example_five_event_subset/observed/ci39812319.json,data/examples/example_five_event_subset/synthetics/cvmsi_20260506_material_0p6x1p2_asdf/ci39812319.mseed,30,77,ci39812319,LGB,22,4,33.975,-118.149,data/examples/example_five_event_subset/observed/ci39812319.mseed,cvmsi_20260506_material_0p6x1p2_asdf
CI,33.68447,-117.94304,4,ci39812319,"2km E of Carson, CA","M 4.3 - 2km E of Carson, CA",2021-09-18T02:58:34.700000+00:00,33.8313333,-118.2636667,11.86,4.28,122.0,85.0,179.0,https://earthquake.usgs.gov/earthquakes/eventpage/ci39812319,data/examples/example_five_event_subset/observed/ci39812319.mseed,data/examples/example_five_event_subset/observed/ci39812319.json,data/examples/example_five_event_subset/synthetics/cvmsi_20260506_material_0p6x1p2_asdf/ci39812319.mseed,30,77,ci39812319,LLS,23,4,33.68447,-117.94304,data/examples/example_five_event_subset/observed/ci39812319.mseed,cvmsi_20260506_material_0p6x1p2_asdf
CI,33.744,-117.391,3,ci39812319,"2km E of Carson, CA","M 4.3 - 2km E of Carson, CA",2021-09-18T02:58:34.700000+00:00,33.8313333,-118.2636667,11.86,4.28,122.0,85.0,179.0,https://earthquake.usgs.gov/earthquakes/eventpage/ci39812319,data/examples/example_five_event_subset/observed/ci39812319.mseed,data/examples/example_five_event_subset/observed/ci39812319.json,data/examples/example_five_event_subset/synthetics/cvmsi_20260506_material_0p6x1p2_asdf/ci39812319.mseed,30,77,ci39812319,LMH,24,4,33.744,-117.391,data/examples/example_five_event_subset/observed/ci39812319.mseed,cvmsi_20260506_material_0p6x1p2_asdf
CI,33.817,-117.445,2,ci39812319,"2km E of Carson, CA","M 4.3 - 2km E of Carson, CA",2021-09-18T02:58:34.700000+00:00,33.8313333,-118.2636667,11.86,4.28,122.0,85.0,179.0,https://earthquake.usgs.gov/earthquakes/eventpage/ci39812319,data/examples/example_five_event_subset/observed/ci39812319.mseed,data/examples/example_five_event_subset/observed/ci39812319.json,data/examples/example_five_event_subset/synthetics/cvmsi_20260506_material_0p6x1p2_asdf/ci39812319.mseed,30,77,ci39812319,LMS,25,4,33.817,-117.445,data/examples/example_five_event_subset/observed/ci39812319.mseed,cvmsi_20260506_material_0p6x1p2_asdf
CI,33.881,-118.176,2,ci39812319,"2km E of Carson, CA","M 4.3 - 2km E of Carson, CA",2021-09-18T02:58:34.700000+00:00,33.8313333,-118.2636667,11.86,4.28,122.0,85.0,179.0,https://earthquake.usgs.gov/earthquakes/eventpage/ci39812319,data/examples/example_five_event_subset/observed/ci39812319.mseed,data/examples/example_five_event_subset/observed/ci39812319.json,data/examples/example_five_event_subset/synthetics/cvmsi_20260506_material_0p6x1p2_asdf/ci39812319.mseed,30,77,ci39812319,LTP,26,4,33.881,-118.176,data/examples/example_five_event_subset/observed/ci39812319.mseed,cvmsi_20260506_material_0p6x1p2_asdf
CI,34.005,-117.562,2,ci39812319,"2km E of Carson, CA","M 4.3 - 2km E of Carson, CA",2021-09-18T02:58:34.700000+00:00,33.8313333,-118.2636667,11.86,4.28,122.0,85.0,179.0,https://earthquake.usgs.gov/earthquakes/eventpage/ci39812319,data/examples/example_five_event_subset/observed/ci39812319.mseed,data/examples/example_five_event_subset/observed/ci39812319.json,data/examples/example_five_event_subset/synthetics/cvmsi_20260506_material_0p6x1p2_asdf/ci39812319.mseed,30,77,ci39812319,MLS,27,4,34.005,-117.562,data/examples/example_five_event_subset/observed/ci39812319.mseed,cvmsi_20260506_material_0p6x1p2_asdf
CI,34.224,-118.058,1,ci39812319,"2km E of Carson, CA","M 4.3 - 2km E of Carson, CA",2021-09-18T02:58:34.700000+00:00,33.8313333,-118.2636667,11.86,4.28,122.0,85.0,179.0,https://earthquake.usgs.gov/earthquakes/eventpage/ci39812319,data/examples/example_five_event_subset/observed/ci39812319.mseed,data/examples/example_five_event_subset/observed/ci39812319.json,data/examples/example_five_event_subset/synthetics/cvmsi_20260506_material_0p6x1p2_asdf/ci39812319.mseed,30,77,ci39812319,MWC,28,4,34.224,-118.058,data/examples/example_five_event_subset/observed/ci39812319.mseed,cvmsi_20260506_material_0p6x1p2_asdf
CI,33.945,-117.924,1,ci39812319,"2km E of Carson, CA","M 4.3 - 2km E of Carson, CA",2021-09-18T02:58:34.700000+00:00,33.8313333,-118.2636667,11.86,4.28,122.0,85.0,179.0,https://earthquake.usgs.gov/earthquakes/eventpage/ci39812319,data/examples/example_five_event_subset/observed/ci39812319.mseed,data/examples/example_five_event_subset/observed/ci39812319.json,data/examples/example_five_event_subset/synthetics/cvmsi_20260506_material_0p6x1p2_asdf/ci39812319.mseed,30,77,ci39812319,OLI,29,4,33.945,-117.924,data/examples/example_five_event_subset/observed/ci39812319.mseed,cvmsi_20260506_material_0p6x1p2_asdf
CI,34.17141,-118.18523,1,ci39812319,"2km E of Carson, CA","M 4.3 - 2km E of Carson, CA",2021-09-18T02:58:34.700000+00:00,33.8313333,-118.2636667,11.86,4.28,122.0,85.0,179.0,https://earthquake.usgs.gov/earthquakes/eventpage/ci39812319,data/examples/example_five_event_subset/observed/ci39812319.mseed,data/examples/example_five_event_subset/observed/ci39812319.json,data/examples/example_five_event_subset/synthetics/cvmsi_20260506_material_0p6x1p2_asdf/ci39812319.mseed,30,77,ci39812319,PASC,30,4,34.17141,-118.18523,data/examples/example_five_event_subset/observed/ci39812319.mseed,cvmsi_20260506_material_0p6x1p2_asdf
CI,34.239,-117.659,4,ci40699207,"4 km SSE of Highland Park, CA","M 4.4 - 4 km SSE of Highland Park, CA",2024-08-12T19:20:24.670000+00:00,34.0825,-118.1788333,10.98,4.39,288.0,45.0,125.0,https://earthquake.usgs.gov/earthquakes/eventpage/ci40699207,data/examples/example_five_event_subset/observed/ci40699207.mseed,data/examples/example_five_event_subset/observed/ci40699207.json,data/examples/example_five_event_subset/synthetics/cvmsi_20260506_material_0p6x1p2_asdf/ci40699207.mseed,30,76,ci40699207,BFS,1,5,34.239,-117.659,data/examples/example_five_event_subset/observed/ci40699207.mseed,cvmsi_20260506_material_0p6x1p2_asdf
CI,33.991,-118.362,5,ci40699207,"4 km SSE of Highland Park, CA","M 4.4 - 4 km SSE of Highland Park, CA",2024-08-12T19:20:24.670000+00:00,34.0825,-118.1788333,10.98,4.39,288.0,45.0,125.0,https://earthquake.usgs.gov/earthquakes/eventpage/ci40699207,data/examples/example_five_event_subset/observed/ci40699207.mseed,data/examples/example_five_event_subset/observed/ci40699207.json,data/examples/example_five_event_subset/synthetics/cvmsi_20260506_material_0p6x1p2_asdf/ci40699207.mseed,30,76,ci40699207,BHP,2,5,33.991,-118.362,data/examples/example_five_event_subset/observed/ci40699207.mseed,cvmsi_20260506_material_0p6x1p2_asdf
CI,34.244,-118.673,4,ci40699207,"4 km SSE of Highland Park, CA","M 4.4 - 4 km SSE of Highland Park, CA",2024-08-12T19:20:24.670000+00:00,34.0825,-118.1788333,10.98,4.39,288.0,45.0,125.0,https://earthquake.usgs.gov/earthquakes/eventpage/ci40699207,data/examples/example_five_event_subset/observed/ci40699207.mseed,data/examples/example_five_event_subset/observed/ci40699207.json,data/examples/example_five_event_subset/synthetics/cvmsi_20260506_material_0p6x1p2_asdf/ci40699207.mseed,30,76,ci40699207,BLC,3,5,34.244,-118.673,data/examples/example_five_event_subset/observed/ci40699207.mseed,cvmsi_20260506_material_0p6x1p2_asdf
CI,33.808,-117.981,5,ci40699207,"4 km SSE of Highland Park, CA","M 4.4 - 4 km SSE of Highland Park, CA",2024-08-12T19:20:24.670000+00:00,34.0825,-118.1788333,10.98,4.39,288.0,45.0,125.0,https://earthquake.usgs.gov/earthquakes/eventpage/ci40699207,data/examples/example_five_event_subset/observed/ci40699207.mseed,data/examples/example_five_event_subset/observed/ci40699207.json,data/examples/example_five_event_subset/synthetics/cvmsi_20260506_material_0p6x1p2_asdf/ci40699207.mseed,30,76,ci40699207,BRE,4,5,33.808,-117.981,data/examples/example_five_event_subset/observed/ci40699207.mseed,cvmsi_20260506_material_0p6x1p2_asdf
CI,33.999,-117.68,5,ci40699207,"4 km SSE of Highland Park, CA","M 4.4 - 4 km SSE of Highland Park, CA",2024-08-12T19:20:24.670000+00:00,34.0825,-118.1788333,10.98,4.39,288.0,45.0,125.0,https://earthquake.usgs.gov/earthquakes/eventpage/ci40699207,data/examples/example_five_event_subset/observed/ci40699207.mseed,data/examples/example_five_event_subset/observed/ci40699207.json,data/examples/example_five_event_subset/synthetics/cvmsi_20260506_material_0p6x1p2_asdf/ci40699207.mseed,30,76,ci40699207,CHN,5,5,33.999,-117.68,data/examples/example_five_event_subset/observed/ci40699207.mseed,cvmsi_20260506_material_0p6x1p2_asdf
CI,34.271,-117.424,4,ci40699207,"4 km SSE of Highland Park, CA","M 4.4 - 4 km SSE of Highland Park, CA",2024-08-12T19:20:24.670000+00:00,34.0825,-118.1788333,10.98,4.39,288.0,45.0,125.0,https://earthquake.usgs.gov/earthquakes/eventpage/ci40699207,data/examples/example_five_event_subset/observed/ci40699207.mseed,data/examples/example_five_event_subset/observed/ci40699207.json,data/examples/example_five_event_subset/synthetics/cvmsi_20260506_material_0p6x1p2_asdf/ci40699207.mseed,30,76,ci40699207,CJM,6,5,34.271,-117.424,data/examples/example_five_event_subset/observed/ci40699207.mseed,cvmsi_20260506_material_0p6x1p2_asdf
CI,33.874,-118.039,3,ci40699207,"4 km SSE of Highland Park, CA","M 4.4 - 4 km SSE of Highland Park, CA",2024-08-12T19:20:24.670000+00:00,34.0825,-118.1788333,10.98,4.39,288.0,45.0,125.0,https://earthquake.usgs.gov/earthquakes/eventpage/ci40699207,data/examples/example_five_event_subset/observed/ci40699207.mseed,data/examples/example_five_event_subset/observed/ci40699207.json,data/examples/example_five_event_subset/synthetics/cvmsi_20260506_material_0p6x1p2_asdf/ci40699207.mseed,30,76,ci40699207,CRF,7,5,33.874,-118.039,data/examples/example_five_event_subset/observed/ci40699207.mseed,cvmsi_20260506_material_0p6x1p2_asdf
CI,33.876,-117.561,4,ci40699207,"4 km SSE of Highland Park, CA","M 4.4 - 4 km SSE of Highland Park, CA",2024-08-12T19:20:24.670000+00:00,34.0825,-118.1788333,10.98,4.39,288.0,45.0,125.0,https://earthquake.usgs.gov/earthquakes/eventpage/ci40699207,data/examples/example_five_event_subset/observed/ci40699207.mseed,data/examples/example_five_event_subset/observed/ci40699207.json,data/examples/example_five_event_subset/synthetics/cvmsi_20260506_material_0p6x1p2_asdf/ci40699207.mseed,30,76,ci40699207,CRN,8,5,33.876,-117.561,data/examples/example_five_event_subset/observed/ci40699207.mseed,cvmsi_20260506_material_0p6x1p2_asdf
CI,34.25353,-118.33383,5,ci40699207,"4 km SSE of Highland Park, CA","M 4.4 - 4 km SSE of Highland Park, CA",2024-08-12T19:20:24.670000+00:00,34.0825,-118.1788333,10.98,4.39,288.0,45.0,125.0,https://earthquake.usgs.gov/earthquakes/eventpage/ci40699207,data/examples/example_five_event_subset/observed/ci40699207.mseed,data/examples/example_five_event_subset/observed/ci40699207.json,data/examples/example_five_event_subset/synthetics/cvmsi_20260506_material_0p6x1p2_asdf/ci40699207.mseed,30,76,ci40699207,DEC,9,5,34.25353,-118.33383,data/examples/example_five_event_subset/observed/ci40699207.mseed,cvmsi_20260506_material_0p6x1p2_asdf
CI,34.10618,-118.45505,5,ci40699207,"4 km SSE of Highland Park, CA","M 4.4 - 4 km SSE of Highland Park, CA",2024-08-12T19:20:24.670000+00:00,34.0825,-118.1788333,10.98,4.39,288.0,45.0,125.0,https://earthquake.usgs.gov/earthquakes/eventpage/ci40699207,data/examples/example_five_event_subset/observed/ci40699207.mseed,data/examples/example_five_event_subset/observed/ci40699207.json,data/examples/example_five_event_subset/synthetics/cvmsi_20260506_material_0p6x1p2_asdf/ci40699207.mseed,30,76,ci40699207,DJJ,10,5,34.10618,-118.45505,data/examples/example_five_event_subset/observed/ci40699207.mseed,cvmsi_20260506_material_0p6x1p2_asdf
CI,33.848,-118.096,5,ci40699207,"4 km SSE of Highland Park, CA","M 4.4 - 4 km SSE of Highland Park, CA",2024-08-12T19:20:24.670000+00:00,34.0825,-118.1788333,10.98,4.39,288.0,45.0,125.0,https://earthquake.usgs.gov/earthquakes/eventpage/ci40699207,data/examples/example_five_event_subset/observed/ci40699207.mseed,data/examples/example_five_event_subset/observed/ci40699207.json,data/examples/example_five_event_subset/synthetics/cvmsi_20260506_material_0p6x1p2_asdf/ci40699207.mseed,30,76,ci40699207,DLA,11,5,33.848,-118.096,data/examples/example_five_event_subset/observed/ci40699207.mseed,cvmsi_20260506_material_0p6x1p2_asdf
CI,33.64907,-117.42604,5,ci40699207,"4 km SSE of Highland Park, CA","M 4.4 - 4 km SSE of Highland Park, CA",2024-08-12T19:20:24.670000+00:00,34.0825,-118.1788333,10.98,4.39,288.0,45.0,125.0,https://earthquake.usgs.gov/earthquakes/eventpage/ci40699207,data/examples/example_five_event_subset/observed/ci40699207.mseed,data/examples/example_five_event_subset/observed/ci40699207.json,data/examples/example_five_event_subset/synthetics/cvmsi_20260506_material_0p6x1p2_asdf/ci40699207.mseed,30,76,ci40699207,ELS2,12,5,33.64907,-117.42604,data/examples/example_five_event_subset/observed/ci40699207.mseed,cvmsi_20260506_material_0p6x1p2_asdf
CI,33.71264,-118.29381,5,ci40699207,"4 km SSE of Highland Park, CA","M 4.4 - 4 km SSE of Highland Park, CA",2024-08-12T19:20:24.670000+00:00,34.0825,-118.1788333,10.98,4.39,288.0,45.0,125.0,https://earthquake.usgs.gov/earthquakes/eventpage/ci40699207,data/examples/example_five_event_subset/observed/ci40699207.mseed,data/examples/example_five_event_subset/observed/ci40699207.json,data/examples/example_five_event_subset/synthetics/cvmsi_20260506_material_0p6x1p2_asdf/ci40699207.mseed,30,76,ci40699207,FMP,13,5,33.71264,-118.29381,data/examples/example_five_event_subset/observed/ci40699207.mseed,cvmsi_20260506_material_0p6x1p2_asdf
CI,34.1,-117.439,5,ci40699207,"4 km SSE of Highland Park, CA","M 4.4 - 4 km SSE of Highland Park, CA",2024-08-12T19:20:24.670000+00:00,34.0825,-118.1788333,10.98,4.39,288.0,45.0,125.0,https://earthquake.usgs.gov/earthquakes/eventpage/ci40699207,data/examples/example_five_event_subset/observed/ci40699207.mseed,data/examples/example_five_event_subset/observed/ci40699207.json,data/examples/example_five_event_subset/synthetics/cvmsi_20260506_material_0p6x1p2_asdf/ci40699207.mseed,30,76,ci40699207,FON,14,5,34.1,-117.439,data/examples/example_five_event_subset/observed/ci40699207.mseed,cvmsi_20260506_material_0p6x1p2_asdf
CI,34.221,-118.188,5,ci40699207,"4 km SSE of Highland Park, CA","M 4.4 - 4 km SSE of Highland Park, CA",2024-08-12T19:20:24.670000+00:00,34.0825,-118.1788333,10.98,4.39,288.0,45.0,125.0,https://earthquake.usgs.gov/earthquakes/eventpage/ci40699207,data/examples/example_five_event_subset/observed/ci40699207.mseed,data/examples/example_five_event_subset/observed/ci40699207.json,data/examples/example_five_event_subset/synthetics/cvmsi_20260506_material_0p6x1p2_asdf/ci40699207.mseed,30,76,ci40699207,GOU,15,5,34.221,-118.188,data/examples/example_five_event_subset/observed/ci40699207.mseed,cvmsi_20260506_material_0p6x1p2_asdf
CI,34.11816,-118.30024,3,ci40699207,"4 km SSE of Highland Park, CA","M 4.4 - 4 km SSE of Highland Park, CA",2024-08-12T19:20:24.670000+00:00,34.0825,-118.1788333,10.98,4.39,288.0,45.0,125.0,https://earthquake.usgs.gov/earthquakes/eventpage/ci40699207,data/examples/example_five_event_subset/observed/ci40699207.mseed,data/examples/example_five_event_subset/observed/ci40699207.json,data/examples/example_five_event_subset/synthetics/cvmsi_20260506_material_0p6x1p2_asdf/ci40699207.mseed,30,76,ci40699207,GR2,16,5,34.11816,-118.30024,data/examples/example_five_event_subset/observed/ci40699207.mseed,cvmsi_20260506_material_0p6x1p2_asdf
CI,34.137,-118.128,4,ci40699207,"4 km SSE of Highland Park, CA","M 4.4 - 4 km SSE of Highland Park, CA",2024-08-12T19:20:24.670000+00:00,34.0825,-118.1788333,10.98,4.39,288.0,45.0,125.0,https://earthquake.usgs.gov/earthquakes/eventpage/ci40699207,data/examples/example_five_event_subset/observed/ci40699207.mseed,data/examples/example_five_event_subset/observed/ci40699207.json,data/examples/example_five_event_subset/synthetics/cvmsi_20260506_material_0p6x1p2_asdf/ci40699207.mseed,30,76,ci40699207,GSA,17,5,34.137,-118.128,data/examples/example_five_event_subset/observed/ci40699207.mseed,cvmsi_20260506_material_0p6x1p2_asdf
CI,33.76,-117.477,4,ci40699207,"4 km SSE of Highland Park, CA","M 4.4 - 4 km SSE of Highland Park, CA",2024-08-12T19:20:24.670000+00:00,34.0825,-118.1788333,10.98,4.39,288.0,45.0,125.0,https://earthquake.usgs.gov/earthquakes/eventpage/ci40699207,data/examples/example_five_event_subset/observed/ci40699207.mseed,data/examples/example_five_event_subset/observed/ci40699207.json,data/examples/example_five_event_subset/synthetics/cvmsi_20260506_material_0p6x1p2_asdf/ci40699207.mseed,30,76,ci40699207,IVY,18,5,33.76,-117.477,data/examples/example_five_event_subset/observed/ci40699207.mseed,cvmsi_20260506_material_0p6x1p2_asdf
CI,33.86889,-118.33143,5,ci40699207,"4 km SSE of Highland Park, CA","M 4.4 - 4 km SSE of Highland Park, CA",2024-08-12T19:20:24.670000+00:00,34.0825,-118.1788333,10.98,4.39,288.0,45.0,125.0,https://earthquake.usgs.gov/earthquakes/eventpage/ci40699207,data/examples/example_five_event_subset/observed/ci40699207.mseed,data/examples/example_five_event_subset/observed/ci40699207.json,data/examples/example_five_event_subset/synthetics/cvmsi_20260506_material_0p6x1p2_asdf/ci40699207.mseed,30,76,ci40699207,LAF,19,5,33.86889,-118.33143,data/examples/example_five_event_subset/observed/ci40699207.mseed,cvmsi_20260506_material_0p6x1p2_asdf
CI,33.798,-118.088,5,ci40699207,"4 km SSE of Highland Park, CA","M 4.4 - 4 km SSE of Highland Park, CA",2024-08-12T19:20:24.670000+00:00,34.0825,-118.1788333,10.98,4.39,288.0,45.0,125.0,https://earthquake.usgs.gov/earthquakes/eventpage/ci40699207,data/examples/example_five_event_subset/observed/ci40699207.mseed,data/examples/example_five_event_subset/observed/ci40699207.json,data/examples/example_five_event_subset/synthetics/cvmsi_20260506_material_0p6x1p2_asdf/ci40699207.mseed,30,76,ci40699207,LBW1,20,5,33.798,-118.088,data/examples/example_five_event_subset/observed/ci40699207.mseed,cvmsi_20260506_material_0p6x1p2_asdf
CI,34.00033,-118.37794,4,ci40699207,"4 km SSE of Highland Park, CA","M 4.4 - 4 km SSE of Highland Park, CA",2024-08-12T19:20:24.670000+00:00,34.0825,-118.1788333,10.98,4.39,288.0,45.0,125.0,https://earthquake.usgs.gov/earthquakes/eventpage/ci40699207,data/examples/example_five_event_subset/observed/ci40699207.mseed,data/examples/example_five_event_subset/observed/ci40699207.json,data/examples/example_five_event_subset/synthetics/cvmsi_20260506_material_0p6x1p2_asdf/ci40699207.mseed,30,76,ci40699207,LCG,21,5,34.00033,-118.37794,data/examples/example_five_event_subset/observed/ci40699207.mseed,cvmsi_20260506_material_0p6x1p2_asdf
CI,33.975,-118.149,4,ci40699207,"4 km SSE of Highland Park, CA","M 4.4 - 4 km SSE of Highland Park, CA",2024-08-12T19:20:24.670000+00:00,34.0825,-118.1788333,10.98,4.39,288.0,45.0,125.0,https://earthquake.usgs.gov/earthquakes/eventpage/ci40699207,data/examples/example_five_event_subset/observed/ci40699207.mseed,data/examples/example_five_event_subset/observed/ci40699207.json,data/examples/example_five_event_subset/synthetics/cvmsi_20260506_material_0p6x1p2_asdf/ci40699207.mseed,30,76,ci40699207,LGB,22,5,33.975,-118.149,data/examples/example_five_event_subset/observed/ci40699207.mseed,cvmsi_20260506_material_0p6x1p2_asdf
CI,33.68447,-117.94304,4,ci40699207,"4 km SSE of Highland Park, CA","M 4.4 - 4 km SSE of Highland Park, CA",2024-08-12T19:20:24.670000+00:00,34.0825,-118.1788333,10.98,4.39,288.0,45.0,125.0,https://earthquake.usgs.gov/earthquakes/eventpage/ci40699207,data/examples/example_five_event_subset/observed/ci40699207.mseed,data/examples/example_five_event_subset/observed/ci40699207.json,data/examples/example_five_event_subset/synthetics/cvmsi_20260506_material_0p6x1p2_asdf/ci40699207.mseed,30,76,ci40699207,LLS,23,5,33.68447,-117.94304,data/examples/example_five_event_subset/observed/ci40699207.mseed,cvmsi_20260506_material_0p6x1p2_asdf
CI,33.744,-117.391,3,ci40699207,"4 km SSE of Highland Park, CA","M 4.4 - 4 km SSE of Highland Park, CA",2024-08-12T19:20:24.670000+00:00,34.0825,-118.1788333,10.98,4.39,288.0,45.0,125.0,https://earthquake.usgs.gov/earthquakes/eventpage/ci40699207,data/examples/example_five_event_subset/observed/ci40699207.mseed,data/examples/example_five_event_subset/observed/ci40699207.json,data/examples/example_five_event_subset/synthetics/cvmsi_20260506_material_0p6x1p2_asdf/ci40699207.mseed,30,76,ci40699207,LMH,24,5,33.744,-117.391,data/examples/example_five_event_subset/observed/ci40699207.mseed,cvmsi_20260506_material_0p6x1p2_asdf
CI,33.817,-117.445,2,ci40699207,"4 km SSE of Highland Park, CA","M 4.4 - 4 km SSE of Highland Park, CA",2024-08-12T19:20:24.670000+00:00,34.0825,-118.1788333,10.98,4.39,288.0,45.0,125.0,https://earthquake.usgs.gov/earthquakes/eventpage/ci40699207,data/examples/example_five_event_subset/observed/ci40699207.mseed,data/examples/example_five_event_subset/observed/ci40699207.json,data/examples/example_five_event_subset/synthetics/cvmsi_20260506_material_0p6x1p2_asdf/ci40699207.mseed,30,76,ci40699207,LMS,25,5,33.817,-117.445,data/examples/example_five_event_subset/observed/ci40699207.mseed,cvmsi_20260506_material_0p6x1p2_asdf
CI,33.881,-118.176,2,ci40699207,"4 km SSE of Highland Park, CA","M 4.4 - 4 km SSE of Highland Park, CA",2024-08-12T19:20:24.670000+00:00,34.0825,-118.1788333,10.98,4.39,288.0,45.0,125.0,https://earthquake.usgs.gov/earthquakes/eventpage/ci40699207,data/examples/example_five_event_subset/observed/ci40699207.mseed,data/examples/example_five_event_subset/observed/ci40699207.json,data/examples/example_five_event_subset/synthetics/cvmsi_20260506_material_0p6x1p2_asdf/ci40699207.mseed,30,76,ci40699207,LTP,26,5,33.881,-118.176,data/examples/example_five_event_subset/observed/ci40699207.mseed,cvmsi_20260506_material_0p6x1p2_asdf
CI,34.005,-117.562,2,ci40699207,"4 km SSE of Highland Park, CA","M 4.4 - 4 km SSE of Highland Park, CA",2024-08-12T19:20:24.670000+00:00,34.0825,-118.1788333,10.98,4.39,288.0,45.0,125.0,https://earthquake.usgs.gov/earthquakes/eventpage/ci40699207,data/examples/example_five_event_subset/observed/ci40699207.mseed,data/examples/example_five_event_subset/observed/ci40699207.json,data/examples/example_five_event_subset/synthetics/cvmsi_20260506_material_0p6x1p2_asdf/ci40699207.mseed,30,76,ci40699207,MLS,27,5,34.005,-117.562,data/examples/example_five_event_subset/observed/ci40699207.mseed,cvmsi_20260506_material_0p6x1p2_asdf
CI,34.224,-118.058,1,ci40699207,"4 km SSE of Highland Park, CA","M 4.4 - 4 km SSE of Highland Park, CA",2024-08-12T19:20:24.670000+00:00,34.0825,-118.1788333,10.98,4.39,288.0,45.0,125.0,https://earthquake.usgs.gov/earthquakes/eventpage/ci40699207,data/examples/example_five_event_subset/observed/ci40699207.mseed,data/examples/example_five_event_subset/observed/ci40699207.json,data/examples/example_five_event_subset/synthetics/cvmsi_20260506_material_0p6x1p2_asdf/ci40699207.mseed,30,76,ci40699207,MWC,28,5,34.224,-118.058,data/examples/example_five_event_subset/observed/ci40699207.mseed,cvmsi_20260506_material_0p6x1p2_asdf
CI,33.945,-117.924,1,ci40699207,"4 km SSE of Highland Park, CA","M 4.4 - 4 km SSE of Highland Park, CA",2024-08-12T19:20:24.670000+00:00,34.0825,-118.1788333,10.98,4.39,288.0,45.0,125.0,https://earthquake.usgs.gov/earthquakes/eventpage/ci40699207,data/examples/example_five_event_subset/observed/ci40699207.mseed,data/examples/example_five_event_subset/observed/ci40699207.json,data/examples/example_five_event_subset/synthetics/cvmsi_20260506_material_0p6x1p2_asdf/ci40699207.mseed,30,76,ci40699207,OLI,29,5,33.945,-117.924,data/examples/example_five_event_subset/observed/ci40699207.mseed,cvmsi_20260506_material_0p6x1p2_asdf
CI,34.17141,-118.18523,1,ci40699207,"4 km SSE of Highland Park, CA","M 4.4 - 4 km SSE of Highland Park, CA",2024-08-12T19:20:24.670000+00:00,34.0825,-118.1788333,10.98,4.39,288.0,45.0,125.0,https://earthquake.usgs.gov/earthquakes/eventpage/ci40699207,data/examples/example_five_event_subset/observed/ci40699207.mseed,data/examples/example_five_event_subset/observed/ci40699207.json,data/examples/example_five_event_subset/synthetics/cvmsi_20260506_material_0p6x1p2_asdf/ci40699207.mseed,30,76,ci40699207,PASC,30,5,34.17141,-118.18523,data/examples/example_five_event_subset/observed/ci40699207.mseed,cvmsi_20260506_material_0p6x1p2_asdf
